scenario_id,asset,attack_type,targeted_property,impact_rating
1,tire_pressure,spoofing,availability,major
2,ecu,spoofing,availability,major
3,ota_module,spoofing,availability,major
4,tire_pressure,spoofing,integrity,severe
5,ota_module,spoofing,integrity,major
6,tire_pressure,spoofing,integrity,major
7,ota_module,spoofing,integrity,major
8,v2x_module,spoofing,integrity,major
9,lidar,spoofing,integrity,major
10,camera,spoofing,availability,major
11,v2x_module,spoofing,integrity,major
12,can_bus,spoofing,availability,major
13,lidar,spoofing,integrity,major
14,tire_pressure,spoofing,integrity,major
15,ota_module,spoofing,confidentiality,major
16,ota_module,spoofing,confidentiality,major
17,tire_pressure,spoofing,availability,major
18,ota_module,spoofing,availability,major
19,gps,spoofing,integrity,major
20,camera,spoofing,availability,major
21,lidar,spoofing,availability,major
22,ecu,spoofing,integrity,major
23,ota_module,spoofing,availability,major
24,ota_module,spoofing,integrity,major
25,v2x_module,spoofing,confidentiality,major
26,gps,spoofing,availability,major
27,can_bus,spoofing,integrity,major
28,ota_module,spoofing,availability,major
29,ota_module,spoofing,integrity,major
30,ota_module,spoofing,integrity,moderate
31,tire_pressure,spoofing,availability,major
32,can_bus,spoofing,availability,major
33,gps,spoofing,availability,major
34,lidar,spoofing,availability,severe
35,ota_module,spoofing,integrity,major
36,ota_module,spoofing,integrity,major
37,gps,spoofing,integrity,severe
38,gps,spoofing,integrity,major
39,gps,spoofing,integrity,major
40,can_bus,spoofing,integrity,major
41,v2x_module,spoofing,integrity,major
42,ota_module,spoofing,integrity,major
43,ota_module,spoofing,availability,major
44,lidar,spoofing,integrity,severe
45,gps,spoofing,availability,major
46,ota_module,spoofing,integrity,major
47,lidar,spoofing,integrity,major
48,lidar,spoofing,availability,major
49,ecu,spoofing,integrity,major
50,ecu,spoofing,integrity,major
51,gps,spoofing,integrity,major
52,can_bus,spoofing,integrity,inconsequential
53,gps,spoofing,availability,major
54,can_bus,spoofing,integrity,major
55,ota_module,spoofing,integrity,major
56,ecu,spoofing,integrity,major
57,camera,spoofing,integrity,major
58,gps,spoofing,integrity,major
59,ota_module,spoofing,integrity,major
60,camera,spoofing,integrity,major
61,v2x_module,spoofing,availability,major
62,v2x_module,spoofing,integrity,major
63,can_bus,spoofing,integrity,major
64,ecu,spoofing,availability,major
65,tire_pressure,spoofing,integrity,major
66,ecu,spoofing,integrity,major
67,gps,spoofing,integrity,inconsequential
68,can_bus,spoofing,integrity,major
69,ota_module,spoofing,integrity,major
70,can_bus,spoofing,confidentiality,major
71,ecu,spoofing,availability,major
72,ecu,spoofing,integrity,major
73,can_bus,spoofing,availability,severe
74,gps,spoofing,availability,major
75,lidar,spoofing,integrity,major
76,ota_module,spoofing,integrity,major
77,v2x_module,spoofing,confidentiality,major
78,ota_module,spoofing,integrity,major
79,ota_module,spoofing,integrity,major
80,lidar,spoofing,integrity,major
81,ecu,spoofing,availability,major
82,ecu,spoofing,integrity,major
83,gps,spoofing,integrity,severe
84,v2x_module,spoofing,integrity,major
85,v2x_module,spoofing,integrity,major
86,ecu,spoofing,integrity,major
87,camera,spoofing,integrity,major
88,camera,spoofing,integrity,major
89,v2x_module,spoofing,integrity,major
90,v2x_module,spoofing,integrity,moderate
91,tire_pressure,spoofing,integrity,major
92,lidar,spoofing,integrity,major
93,gps,spoofing,availability,major
94,v2x_module,spoofing,availability,major
95,v2x_module,spoofing,integrity,major
96,camera,spoofing,confidentiality,major
97,camera,spoofing,integrity,major
98,gps,spoofing,confidentiality,major
99,ecu,spoofing,integrity,severe
100,camera,spoofing,integrity,major
101,tire_pressure,spoofing,integrity,moderate
102,camera,spoofing,integrity,major
103,camera,spoofing,availability,major
104,tire_pressure,spoofing,confidentiality,major
105,ota_module,spoofing,confidentiality,major
106,camera,spoofing,availability,major
107,v2x_module,spoofing,integrity,major
108,lidar,spoofing,availability,major
109,can_bus,spoofing,availability,major
110,camera,spoofing,integrity,major
111,v2x_module,spoofing,confidentiality,major
112,tire_pressure,spoofing,integrity,severe
113,ota_module,spoofing,availability,major
114,camera,spoofing,integrity,major
115,can_bus,spoofing,confidentiality,moderate
116,v2x_module,spoofing,integrity,major
117,camera,spoofing,availability,moderate
118,can_bus,spoofing,integrity,major
119,lidar,spoofing,integrity,major
120,gps,spoofing,integrity,major
121,tire_pressure,spoofing,integrity,major
122,ecu,spoofing,integrity,major
123,camera,spoofing,integrity,major
124,ecu,spoofing,availability,major
125,tire_pressure,spoofing,integrity,moderate
126,camera,spoofing,integrity,major
127,can_bus,spoofing,confidentiality,major
128,v2x_module,spoofing,confidentiality,major
129,camera,spoofing,confidentiality,moderate
130,tire_pressure,spoofing,integrity,major
131,gps,spoofing,integrity,major
132,tire_pressure,spoofing,availability,major
133,ota_module,spoofing,availability,major
134,ota_module,spoofing,integrity,major
135,lidar,spoofing,integrity,major
136,gps,spoofing,integrity,major
137,ecu,spoofing,integrity,major
138,v2x_module,spoofing,availability,major
139,gps,spoofing,integrity,major
140,tire_pressure,spoofing,integrity,major
141,tire_pressure,spoofing,integrity,severe
142,ota_module,spoofing,confidentiality,major
143,gps,spoofing,availability,major
144,ota_module,spoofing,integrity,major
145,lidar,spoofing,integrity,major
146,tire_pressure,spoofing,integrity,major
147,lidar,spoofing,integrity,major
148,gps,spoofing,integrity,major
149,camera,spoofing,availability,major
150,can_bus,spoofing,availability,major
151,camera,spoofing,integrity,major
152,v2x_module,spoofing,integrity,major
153,v2x_module,spoofing,integrity,major
154,gps,spoofing,integrity,major
155,ota_module,spoofing,integrity,major
156,v2x_module,spoofing,availability,major
157,tire_pressure,spoofing,integrity,major
158,gps,spoofing,availability,major
159,v2x_module,spoofing,availability,major
160,gps,spoofing,integrity,major
161,lidar,spoofing,integrity,inconsequential
162,tire_pressure,spoofing,integrity,major
163,tire_pressure,spoofing,confidentiality,major
164,camera,spoofing,availability,major
165,tire_pressure,spoofing,confidentiality,major
166,ota_module,spoofing,integrity,major
167,ecu,spoofing,integrity,major
168,can_bus,spoofing,integrity,major
169,ecu,spoofing,integrity,major
170,ecu,spoofing,integrity,major
171,gps,spoofing,integrity,major
172,ota_module,spoofing,availability,major
173,lidar,spoofing,integrity,major
174,camera,spoofing,integrity,major
175,ecu,spoofing,availability,major
176,lidar,spoofing,integrity,major
177,ecu,spoofing,integrity,major
178,ota_module,spoofing,availability,major
179,gps,spoofing,integrity,major
180,ota_module,spoofing,integrity,major
181,can_bus,spoofing,integrity,major
182,camera,spoofing,integrity,major
183,camera,spoofing,integrity,major
184,v2x_module,spoofing,availability,major
185,ecu,spoofing,availability,major
186,can_bus,spoofing,integrity,major
187,gps,spoofing,availability,major
188,ota_module,spoofing,availability,major
189,gps,spoofing,integrity,major
190,tire_pressure,spoofing,integrity,major
191,gps,spoofing,integrity,major
192,camera,spoofing,confidentiality,major
193,ecu,spoofing,integrity,major
194,gps,spoofing,availability,major
195,camera,spoofing,availability,major
196,ecu,spoofing,availability,major
197,camera,spoofing,integrity,major
198,ota_module,spoofing,confidentiality,major
199,gps,spoofing,confidentiality,major
200,can_bus,spoofing,integrity,major
201,ecu,spoofing,confidentiality,major
202,gps,spoofing,integrity,major
203,tire_pressure,spoofing,integrity,major
204,gps,spoofing,availability,major
205,ecu,spoofing,integrity,major
206,tire_pressure,spoofing,availability,major
207,gps,spoofing,integrity,major
208,tire_pressure,spoofing,integrity,major
209,lidar,spoofing,integrity,major
210,tire_pressure,spoofing,integrity,major
211,camera,spoofing,integrity,major
212,lidar,spoofing,availability,inconsequential
213,ota_module,spoofing,availability,major
214,camera,spoofing,availability,major
215,lidar,spoofing,availability,major
216,can_bus,spoofing,availability,major
217,v2x_module,spoofing,confidentiality,major
218,lidar,spoofing,availability,major
219,tire_pressure,spoofing,integrity,major
220,ota_module,spoofing,integrity,major
221,gps,spoofing,confidentiality,moderate
222,ecu,spoofing,confidentiality,major
223,camera,spoofing,integrity,major
224,ecu,spoofing,integrity,major
225,ecu,spoofing,integrity,major
226,ecu,spoofing,integrity,major
227,ota_module,spoofing,availability,major
228,ota_module,spoofing,integrity,major
229,can_bus,spoofing,integrity,major
230,ecu,spoofing,availability,major
231,gps,spoofing,integrity,inconsequential
232,can_bus,spoofing,availability,major
233,can_bus,spoofing,integrity,inconsequential
234,lidar,spoofing,integrity,major
235,tire_pressure,spoofing,availability,major
236,camera,spoofing,integrity,major
237,can_bus,spoofing,integrity,major
238,v2x_module,spoofing,availability,major
239,camera,spoofing,integrity,major
240,camera,spoofing,confidentiality,major
241,gps,spoofing,integrity,major
242,ecu,spoofing,availability,major
243,v2x_module,spoofing,availability,major
244,ecu,spoofing,confidentiality,major
245,ecu,spoofing,integrity,major
246,tire_pressure,spoofing,confidentiality,major
247,tire_pressure,spoofing,availability,major
248,ecu,spoofing,integrity,major
249,lidar,spoofing,availability,major
250,v2x_module,spoofing,integrity,major
251,ecu,spoofing,integrity,major
252,can_bus,spoofing,integrity,major
253,lidar,spoofing,integrity,major
254,tire_pressure,spoofing,integrity,major
255,v2x_module,spoofing,integrity,major
256,ota_module,spoofing,integrity,major
257,camera,spoofing,availability,inconsequential
258,camera,spoofing,integrity,major
259,gps,spoofing,integrity,major
260,camera,spoofing,availability,major
261,lidar,spoofing,integrity,major
262,v2x_module,spoofing,availability,major
263,ota_module,spoofing,availability,major
264,v2x_module,spoofing,integrity,major
265,lidar,spoofing,integrity,major
266,can_bus,spoofing,integrity,major
267,can_bus,spoofing,integrity,major
268,lidar,spoofing,integrity,major
269,ecu,spoofing,availability,major
270,can_bus,spoofing,integrity,major
271,v2x_module,spoofing,integrity,major
272,camera,spoofing,availability,major
273,can_bus,spoofing,integrity,major
274,v2x_module,spoofing,availability,major
275,ota_module,spoofing,integrity,major
276,ecu,spoofing,integrity,major
277,tire_pressure,spoofing,availability,major
278,ecu,spoofing,integrity,major
279,camera,spoofing,confidentiality,moderate
280,camera,spoofing,availability,major
281,can_bus,spoofing,availability,major
282,gps,spoofing,availability,major
283,v2x_module,spoofing,integrity,major
284,gps,spoofing,confidentiality,major
285,tire_pressure,spoofing,integrity,major
286,ota_module,spoofing,availability,major
287,ecu,spoofing,availability,severe
288,gps,spoofing,availability,major
289,lidar,spoofing,integrity,major
290,can_bus,spoofing,integrity,major
291,ota_module,spoofing,integrity,major
292,tire_pressure,spoofing,integrity,major
293,camera,spoofing,integrity,severe
294,ecu,spoofing,availability,major
295,ota_module,spoofing,availability,major
296,ecu,spoofing,availability,inconsequential
297,lidar,spoofing,availability,major
298,can_bus,spoofing,integrity,major
299,gps,spoofing,availability,major
300,camera,spoofing,availability,major
301,gps,spoofing,integrity,major
302,ota_module,spoofing,availability,moderate
303,lidar,spoofing,availability,major
304,v2x_module,spoofing,availability,major
305,lidar,spoofing,availability,major
306,camera,spoofing,confidentiality,major
307,camera,spoofing,availability,major
308,v2x_module,spoofing,availability,major
309,tire_pressure,spoofing,integrity,major
310,gps,spoofing,availability,major
311,v2x_module,spoofing,integrity,major
312,tire_pressure,spoofing,integrity,major
313,tire_pressure,spoofing,availability,major
314,lidar,spoofing,availability,major
315,camera,spoofing,confidentiality,major
316,ota_module,spoofing,availability,severe
317,can_bus,spoofing,integrity,major
318,tire_pressure,spoofing,integrity,moderate
319,v2x_module,spoofing,availability,major
320,tire_pressure,spoofing,availability,major
321,camera,spoofing,availability,moderate
322,tire_pressure,spoofing,integrity,major
323,can_bus,spoofing,integrity,severe
324,tire_pressure,spoofing,availability,major
325,lidar,spoofing,integrity,major
326,lidar,spoofing,integrity,major
327,lidar,spoofing,confidentiality,major
328,can_bus,spoofing,availability,major
329,can_bus,spoofing,availability,major
330,ota_module,spoofing,integrity,severe
331,v2x_module,spoofing,integrity,moderate
332,camera,spoofing,integrity,major
333,camera,spoofing,integrity,major
334,v2x_module,spoofing,availability,major
335,ota_module,spoofing,availability,major
336,can_bus,spoofing,integrity,major
337,lidar,spoofing,integrity,major
338,v2x_module,spoofing,confidentiality,major
339,gps,spoofing,confidentiality,major
340,lidar,spoofing,integrity,major
341,lidar,spoofing,integrity,major
342,camera,spoofing,availability,major
343,gps,spoofing,integrity,severe
344,ota_module,spoofing,integrity,major
345,ecu,spoofing,availability,major
346,ecu,spoofing,integrity,major
347,tire_pressure,spoofing,integrity,major
348,can_bus,spoofing,integrity,major
349,v2x_module,spoofing,integrity,inconsequential
350,camera,spoofing,availability,major
351,ota_module,spoofing,availability,major
352,v2x_module,spoofing,availability,major
353,v2x_module,spoofing,integrity,major
354,ecu,spoofing,availability,major
355,can_bus,spoofing,confidentiality,major
356,lidar,spoofing,integrity,major
357,lidar,spoofing,integrity,inconsequential
358,lidar,spoofing,integrity,major
359,v2x_module,spoofing,integrity,major
360,ota_module,spoofing,integrity,major
361,v2x_module,spoofing,integrity,major
362,gps,spoofing,integrity,major
363,ota_module,spoofing,integrity,major
364,camera,spoofing,integrity,major
365,v2x_module,spoofing,integrity,major
366,gps,spoofing,availability,major
367,v2x_module,spoofing,availability,major
368,ecu,spoofing,availability,major
369,tire_pressure,spoofing,integrity,major
370,can_bus,spoofing,integrity,major
371,camera,spoofing,integrity,major
372,lidar,spoofing,integrity,major
373,tire_pressure,spoofing,integrity,major
374,camera,spoofing,integrity,major
375,can_bus,spoofing,availability,major
376,ecu,spoofing,availability,major
377,ecu,spoofing,integrity,major
378,lidar,spoofing,integrity,major
379,lidar,spoofing,availability,major
380,gps,spoofing,availability,severe
381,v2x_module,spoofing,integrity,major
382,camera,spoofing,integrity,major
383,v2x_module,spoofing,availability,major
384,tire_pressure,spoofing,confidentiality,major
385,ecu,spoofing,integrity,major
386,can_bus,spoofing,integrity,major
387,v2x_module,spoofing,confidentiality,major
388,ecu,spoofing,integrity,major
389,ota_module,spoofing,integrity,major
390,gps,spoofing,availability,major
391,ecu,spoofing,integrity,major
392,ota_module,spoofing,integrity,major
393,gps,spoofing,integrity,major
394,camera,spoofing,availability,major
395,camera,spoofing,integrity,major
396,can_bus,spoofing,integrity,major
397,can_bus,spoofing,integrity,major
398,can_bus,spoofing,availability,major
399,lidar,spoofing,integrity,major
400,tire_pressure,spoofing,integrity,major
401,lidar,spoofing,confidentiality,major
402,gps,spoofing,availability,major
403,can_bus,spoofing,integrity,major
404,tire_pressure,spoofing,integrity,major
405,camera,spoofing,integrity,major
406,lidar,spoofing,integrity,major
407,ota_module,spoofing,availability,moderate
408,ota_module,spoofing,integrity,major
409,ota_module,spoofing,integrity,major
410,tire_pressure,spoofing,availability,major
411,lidar,spoofing,integrity,inconsequential
412,ecu,spoofing,integrity,major
413,lidar,spoofing,availability,major
414,can_bus,spoofing,integrity,major
415,ecu,spoofing,availability,major
416,ota_module,spoofing,integrity,major
417,can_bus,spoofing,integrity,major
418,can_bus,spoofing,integrity,major
419,tire_pressure,spoofing,integrity,major
420,lidar,spoofing,integrity,major
421,ota_module,spoofing,integrity,moderate
422,gps,spoofing,integrity,major
423,camera,spoofing,integrity,major
424,ecu,spoofing,integrity,major
425,gps,spoofing,integrity,severe
426,tire_pressure,spoofing,integrity,major
427,camera,spoofing,integrity,major
428,v2x_module,spoofing,integrity,major
429,ecu,spoofing,integrity,major
430,gps,spoofing,availability,major
431,ota_module,spoofing,integrity,major
432,ecu,spoofing,availability,major
433,tire_pressure,spoofing,integrity,major
434,gps,spoofing,integrity,major
435,ecu,spoofing,integrity,major
436,v2x_module,spoofing,integrity,major
437,ota_module,spoofing,availability,major
438,can_bus,spoofing,integrity,major
439,camera,spoofing,availability,major
440,v2x_module,spoofing,integrity,major
441,lidar,spoofing,availability,major
442,lidar,spoofing,availability,major
443,camera,spoofing,integrity,major
444,gps,spoofing,integrity,major
445,lidar,spoofing,availability,major
446,v2x_module,spoofing,integrity,major
447,can_bus,spoofing,integrity,major
448,ota_module,spoofing,availability,major
449,tire_pressure,spoofing,availability,major
450,lidar,spoofing,availability,major
451,v2x_module,spoofing,availability,major
452,lidar,spoofing,integrity,major
453,camera,spoofing,confidentiality,major
454,can_bus,spoofing,availability,major
455,ota_module,spoofing,integrity,major
456,lidar,spoofing,integrity,major
457,tire_pressure,spoofing,availability,severe
458,v2x_module,spoofing,integrity,moderate
459,camera,spoofing,integrity,major
460,v2x_module,spoofing,integrity,major
461,tire_pressure,spoofing,integrity,major
462,camera,spoofing,availability,severe
463,camera,spoofing,integrity,major
464,can_bus,spoofing,availability,major
465,ecu,spoofing,availability,major
466,gps,spoofing,availability,major
467,tire_pressure,spoofing,confidentiality,major
468,tire_pressure,spoofing,integrity,major
469,ecu,spoofing,integrity,major
470,gps,spoofing,availability,major
471,tire_pressure,spoofing,availability,major
472,can_bus,spoofing,integrity,major
473,lidar,spoofing,integrity,inconsequential
474,gps,spoofing,integrity,moderate
475,v2x_module,spoofing,confidentiality,major
476,ota_module,spoofing,integrity,major
477,ecu,spoofing,integrity,major
478,v2x_module,spoofing,availability,major
479,ota_module,spoofing,integrity,major
480,camera,spoofing,availability,major
481,v2x_module,spoofing,integrity,major
482,camera,spoofing,integrity,major
483,v2x_module,spoofing,integrity,major
484,tire_pressure,spoofing,integrity,major
485,v2x_module,spoofing,availability,major
486,v2x_module,spoofing,integrity,major
487,camera,spoofing,availability,major
488,camera,spoofing,integrity,major
489,can_bus,spoofing,integrity,major
490,ota_module,spoofing,availability,major
491,gps,spoofing,availability,severe
492,ecu,spoofing,confidentiality,major
493,ecu,spoofing,confidentiality,major
494,ecu,spoofing,integrity,major
495,gps,spoofing,integrity,major
496,ecu,spoofing,availability,major
497,tire_pressure,spoofing,integrity,major
498,camera,spoofing,integrity,major
499,camera,spoofing,availability,major
500,lidar,spoofing,availability,major
501,lidar,spoofing,confidentiality,major
502,ota_module,spoofing,confidentiality,major
503,tire_pressure,spoofing,integrity,major
504,camera,spoofing,integrity,major
505,tire_pressure,spoofing,integrity,major
506,can_bus,spoofing,availability,severe
507,camera,spoofing,integrity,major
508,lidar,spoofing,integrity,major
509,ecu,spoofing,availability,major
510,can_bus,spoofing,integrity,inconsequential
511,gps,spoofing,integrity,major
512,can_bus,spoofing,confidentiality,major
513,lidar,spoofing,integrity,major
514,ota_module,spoofing,availability,major
515,camera,spoofing,availability,major
516,v2x_module,spoofing,integrity,major
517,ecu,spoofing,integrity,major
518,camera,spoofing,confidentiality,major
519,tire_pressure,spoofing,integrity,major
520,v2x_module,spoofing,availability,major
521,tire_pressure,spoofing,integrity,major
522,ecu,spoofing,integrity,major
523,v2x_module,spoofing,integrity,major
524,tire_pressure,spoofing,availability,major
525,camera,spoofing,integrity,major
526,camera,spoofing,integrity,major
527,lidar,spoofing,integrity,major
528,can_bus,spoofing,confidentiality,major
529,gps,spoofing,availability,major
530,ota_module,spoofing,integrity,inconsequential
531,ecu,spoofing,integrity,major
532,ecu,spoofing,confidentiality,major
533,ota_module,spoofing,availability,major
534,can_bus,spoofing,integrity,major
535,ota_module,spoofing,confidentiality,major
536,can_bus,spoofing,integrity,major
537,lidar,spoofing,availability,major
538,v2x_module,spoofing,integrity,major
539,lidar,spoofing,integrity,major
540,gps,spoofing,confidentiality,inconsequential
541,v2x_module,spoofing,integrity,major
542,lidar,spoofing,integrity,major
543,ecu,spoofing,confidentiality,major
544,ota_module,spoofing,integrity,major
545,tire_pressure,spoofing,confidentiality,major
546,ota_module,spoofing,integrity,major
547,tire_pressure,spoofing,availability,major
548,gps,spoofing,confidentiality,major
549,tire_pressure,spoofing,integrity,major
550,camera,spoofing,confidentiality,major
551,v2x_module,spoofing,integrity,severe
552,can_bus,spoofing,availability,major
553,ota_module,spoofing,integrity,major
554,lidar,spoofing,integrity,major
555,ota_module,spoofing,integrity,major
556,camera,spoofing,integrity,major
557,v2x_module,spoofing,integrity,major
558,can_bus,spoofing,integrity,major
559,lidar,spoofing,availability,moderate
560,ecu,spoofing,integrity,major
561,camera,spoofing,integrity,major
562,v2x_module,spoofing,integrity,major
563,camera,spoofing,integrity,major
564,ecu,spoofing,integrity,major
565,can_bus,spoofing,integrity,major
566,camera,spoofing,integrity,major
567,can_bus,spoofing,availability,moderate
568,tire_pressure,spoofing,integrity,major
569,ecu,spoofing,availability,major
570,ota_module,spoofing,integrity,major
571,tire_pressure,spoofing,integrity,major
572,camera,spoofing,availability,moderate
573,tire_pressure,spoofing,integrity,major
574,gps,spoofing,integrity,major
575,ota_module,spoofing,integrity,severe
576,lidar,spoofing,integrity,major
577,camera,spoofing,availability,major
578,ecu,spoofing,availability,major
579,tire_pressure,spoofing,integrity,major
580,can_bus,spoofing,integrity,major
581,ota_module,spoofing,integrity,inconsequential
582,tire_pressure,spoofing,integrity,major
583,gps,spoofing,integrity,major
584,v2x_module,spoofing,integrity,major
585,ecu,spoofing,integrity,major
586,camera,spoofing,availability,major
587,ota_module,spoofing,integrity,major
588,ecu,spoofing,integrity,major
589,can_bus,spoofing,availability,major
590,can_bus,spoofing,availability,major
591,ecu,spoofing,availability,major
592,lidar,spoofing,integrity,major
593,ecu,spoofing,integrity,major
594,can_bus,spoofing,confidentiality,severe
595,gps,spoofing,integrity,major
596,camera,spoofing,confidentiality,major
597,gps,spoofing,integrity,severe
598,ota_module,spoofing,integrity,severe
599,v2x_module,spoofing,availability,severe
600,ecu,spoofing,confidentiality,major
601,can_bus,spoofing,integrity,major
602,ecu,spoofing,integrity,major
603,v2x_module,spoofing,availability,major
604,ota_module,spoofing,integrity,major
605,ecu,spoofing,confidentiality,major
606,ota_module,spoofing,integrity,major
607,tire_pressure,spoofing,integrity,major
608,lidar,spoofing,integrity,major
609,can_bus,spoofing,integrity,major
610,ota_module,spoofing,integrity,major
611,ecu,spoofing,integrity,severe
612,ecu,spoofing,integrity,severe
613,tire_pressure,spoofing,integrity,major
614,ecu,spoofing,integrity,major
615,gps,spoofing,integrity,major
616,v2x_module,spoofing,availability,major
617,ecu,spoofing,availability,major
618,gps,spoofing,integrity,major
619,v2x_module,spoofing,integrity,major
620,v2x_module,spoofing,integrity,severe
621,v2x_module,spoofing,integrity,major
622,v2x_module,spoofing,availability,major
623,ota_module,spoofing,integrity,major
624,ecu,spoofing,integrity,major
625,gps,spoofing,integrity,major
626,can_bus,spoofing,integrity,inconsequential
627,ota_module,spoofing,integrity,major
628,gps,spoofing,integrity,inconsequential
629,v2x_module,spoofing,integrity,severe
630,lidar,spoofing,confidentiality,severe
631,lidar,spoofing,integrity,major
632,tire_pressure,spoofing,integrity,major
633,lidar,spoofing,availability,major
634,tire_pressure,spoofing,confidentiality,major
635,ota_module,spoofing,integrity,major
636,lidar,spoofing,availability,major
637,v2x_module,spoofing,integrity,major
638,gps,spoofing,integrity,moderate
639,lidar,spoofing,confidentiality,major
640,ecu,spoofing,integrity,major
641,v2x_module,spoofing,integrity,major
642,lidar,spoofing,integrity,major
643,ota_module,spoofing,integrity,major
644,camera,spoofing,integrity,major
645,ota_module,spoofing,integrity,major
646,gps,spoofing,integrity,major
647,lidar,spoofing,integrity,major
648,tire_pressure,spoofing,integrity,major
649,ota_module,spoofing,integrity,major
650,v2x_module,spoofing,integrity,major
651,lidar,spoofing,integrity,major
652,lidar,spoofing,availability,inconsequential
653,camera,spoofing,integrity,major
654,can_bus,spoofing,integrity,major
655,ota_module,spoofing,integrity,major
656,tire_pressure,spoofing,confidentiality,severe
657,tire_pressure,spoofing,availability,major
658,ota_module,spoofing,integrity,major
659,v2x_module,spoofing,integrity,major
660,ecu,spoofing,availability,major
661,ecu,spoofing,integrity,major
662,can_bus,spoofing,integrity,major
663,ecu,spoofing,integrity,major
664,ecu,spoofing,integrity,major
665,v2x_module,spoofing,integrity,major
666,lidar,spoofing,confidentiality,severe
667,ecu,spoofing,integrity,major
668,lidar,spoofing,integrity,major
669,camera,spoofing,integrity,major
670,tire_pressure,spoofing,integrity,major
671,gps,spoofing,availability,major
672,ecu,spoofing,availability,major
673,camera,spoofing,availability,major
674,v2x_module,spoofing,availability,major
675,can_bus,spoofing,confidentiality,major
676,camera,spoofing,integrity,major
677,tire_pressure,spoofing,integrity,major
678,v2x_module,spoofing,confidentiality,major
679,ecu,spoofing,integrity,major
680,camera,spoofing,integrity,major
681,lidar,spoofing,integrity,severe
682,tire_pressure,spoofing,integrity,major
683,gps,spoofing,integrity,major
684,ecu,spoofing,integrity,inconsequential
685,tire_pressure,spoofing,availability,major
686,tire_pressure,spoofing,availability,major
687,can_bus,spoofing,availability,major
688,ota_module,spoofing,integrity,major
689,camera,spoofing,availability,major
690,gps,spoofing,integrity,major
691,tire_pressure,spoofing,integrity,major
692,gps,spoofing,integrity,major
693,lidar,spoofing,availability,major
694,ecu,spoofing,integrity,major
695,ota_module,spoofing,integrity,major
696,v2x_module,spoofing,integrity,major
697,lidar,spoofing,integrity,major
698,lidar,spoofing,integrity,major
699,ecu,spoofing,integrity,major
700,tire_pressure,spoofing,confidentiality,major
701,tire_pressure,spoofing,integrity,major
702,can_bus,spoofing,integrity,major
703,tire_pressure,spoofing,integrity,major
704,lidar,spoofing,integrity,major
705,ota_module,spoofing,availability,major
706,camera,spoofing,availability,major
707,tire_pressure,spoofing,availability,major
708,tire_pressure,spoofing,integrity,major
709,ecu,spoofing,confidentiality,inconsequential
710,v2x_module,spoofing,integrity,major
711,v2x_module,spoofing,availability,major
712,tire_pressure,spoofing,integrity,major
713,tire_pressure,spoofing,integrity,severe
714,camera,spoofing,integrity,major
715,can_bus,spoofing,integrity,major
716,v2x_module,spoofing,availability,inconsequential
717,lidar,spoofing,availability,major
718,ota_module,spoofing,integrity,major
719,gps,spoofing,availability,major
720,lidar,spoofing,confidentiality,major
721,lidar,spoofing,integrity,major
722,lidar,spoofing,integrity,major
723,tire_pressure,spoofing,integrity,major
724,tire_pressure,spoofing,integrity,major
725,v2x_module,spoofing,availability,major
726,tire_pressure,spoofing,confidentiality,major
727,camera,spoofing,integrity,major
728,ota_module,spoofing,integrity,major
729,can_bus,spoofing,integrity,major
730,ota_module,spoofing,integrity,major
731,lidar,spoofing,integrity,major
732,lidar,spoofing,availability,major
733,gps,spoofing,integrity,major
734,ota_module,spoofing,availability,major
735,lidar,spoofing,integrity,major
736,v2x_module,spoofing,integrity,moderate
737,camera,spoofing,integrity,major
738,tire_pressure,spoofing,integrity,moderate
739,can_bus,spoofing,integrity,major
740,camera,spoofing,integrity,major
741,gps,spoofing,integrity,major
742,gps,spoofing,integrity,major
743,v2x_module,spoofing,availability,major
744,ota_module,spoofing,availability,major
745,ota_module,spoofing,integrity,major
746,tire_pressure,spoofing,integrity,severe
747,tire_pressure,spoofing,integrity,major
748,ecu,spoofing,integrity,major
749,camera,spoofing,availability,major
750,lidar,spoofing,integrity,major
751,tire_pressure,spoofing,availability,moderate
752,camera,spoofing,availability,major
753,v2x_module,spoofing,integrity,major
754,v2x_module,spoofing,availability,major
755,lidar,spoofing,integrity,major
756,tire_pressure,spoofing,integrity,major
757,ota_module,spoofing,integrity,major
758,can_bus,spoofing,integrity,major
759,lidar,spoofing,integrity,major
760,gps,spoofing,integrity,major
761,ota_module,spoofing,integrity,severe
762,ota_module,spoofing,availability,major
763,tire_pressure,spoofing,integrity,major
764,can_bus,spoofing,integrity,major
765,v2x_module,spoofing,integrity,major
766,lidar,spoofing,integrity,major
767,camera,spoofing,availability,severe
768,lidar,spoofing,availability,severe
769,lidar,spoofing,confidentiality,major
770,ecu,spoofing,confidentiality,major
771,can_bus,spoofing,confidentiality,inconsequential
772,camera,spoofing,availability,major
773,lidar,spoofing,integrity,major
774,ota_module,spoofing,integrity,major
775,ecu,spoofing,availability,major
776,ota_module,spoofing,integrity,major
777,gps,spoofing,integrity,major
778,ecu,spoofing,availability,major
779,v2x_module,spoofing,integrity,moderate
780,can_bus,spoofing,availability,major
781,ecu,spoofing,integrity,major
782,ecu,spoofing,integrity,major
783,lidar,spoofing,availability,major
784,gps,spoofing,integrity,major
785,gps,spoofing,integrity,major
786,tire_pressure,spoofing,integrity,major
787,tire_pressure,spoofing,availability,major
788,gps,spoofing,confidentiality,major
789,gps,spoofing,integrity,major
790,camera,spoofing,integrity,major
791,ota_module,spoofing,integrity,major
792,can_bus,spoofing,integrity,major
793,ecu,spoofing,availability,major
794,v2x_module,spoofing,integrity,major
795,tire_pressure,spoofing,availability,major
796,gps,spoofing,confidentiality,major
797,v2x_module,spoofing,integrity,major
798,ota_module,spoofing,integrity,major
799,tire_pressure,spoofing,integrity,major
800,lidar,spoofing,integrity,major
801,tire_pressure,spoofing,integrity,major
802,gps,spoofing,integrity,severe
803,gps,spoofing,integrity,major
804,tire_pressure,spoofing,availability,major
805,can_bus,spoofing,integrity,major
806,v2x_module,spoofing,confidentiality,major
807,tire_pressure,spoofing,integrity,major
808,tire_pressure,spoofing,confidentiality,major
809,tire_pressure,spoofing,integrity,major
810,tire_pressure,spoofing,availability,major
811,can_bus,spoofing,integrity,major
812,ecu,spoofing,integrity,major
813,v2x_module,spoofing,integrity,major
814,ecu,spoofing,integrity,major
815,tire_pressure,spoofing,integrity,major
816,can_bus,spoofing,confidentiality,major
817,can_bus,spoofing,availability,major
818,gps,spoofing,integrity,major
819,v2x_module,spoofing,integrity,major
820,gps,spoofing,integrity,moderate
821,camera,spoofing,availability,major
822,ecu,spoofing,integrity,major
823,v2x_module,spoofing,integrity,major
824,camera,spoofing,integrity,major
825,lidar,spoofing,availability,major
826,can_bus,spoofing,integrity,moderate
827,ota_module,spoofing,integrity,moderate
828,ota_module,spoofing,integrity,major
829,lidar,spoofing,availability,moderate
830,tire_pressure,spoofing,integrity,major
831,gps,spoofing,confidentiality,major
832,lidar,spoofing,integrity,major
833,v2x_module,spoofing,integrity,major
834,lidar,spoofing,integrity,major
835,can_bus,spoofing,integrity,major
836,tire_pressure,spoofing,availability,major
837,ecu,spoofing,availability,major
838,ota_module,spoofing,integrity,major
839,can_bus,spoofing,integrity,major
840,gps,spoofing,integrity,major
841,camera,spoofing,integrity,major
842,can_bus,spoofing,integrity,major
843,camera,spoofing,availability,major
844,v2x_module,spoofing,confidentiality,major
845,camera,spoofing,integrity,major
846,gps,spoofing,integrity,major
847,gps,spoofing,integrity,major
848,camera,spoofing,availability,major
849,ota_module,spoofing,availability,major
850,camera,spoofing,availability,moderate
851,lidar,spoofing,integrity,major
852,ecu,spoofing,confidentiality,major
853,tire_pressure,spoofing,integrity,major
854,ecu,spoofing,integrity,major
855,camera,spoofing,integrity,major
856,ecu,spoofing,integrity,major
857,ota_module,spoofing,availability,major
858,v2x_module,spoofing,integrity,major
859,camera,spoofing,availability,major
860,tire_pressure,spoofing,integrity,severe
861,ota_module,spoofing,confidentiality,severe
862,camera,spoofing,availability,major
863,tire_pressure,spoofing,availability,major
864,ota_module,spoofing,availability,major
865,ota_module,spoofing,availability,major
866,tire_pressure,spoofing,integrity,inconsequential
867,can_bus,spoofing,integrity,major
868,ecu,spoofing,availability,moderate
869,lidar,spoofing,integrity,major
870,can_bus,spoofing,availability,major
871,v2x_module,spoofing,integrity,major
872,ecu,spoofing,availability,major
873,lidar,spoofing,integrity,severe
874,ecu,spoofing,integrity,major
875,tire_pressure,spoofing,confidentiality,major
876,lidar,spoofing,integrity,major
877,gps,spoofing,confidentiality,major
878,ota_module,spoofing,integrity,major
879,can_bus,spoofing,availability,major
880,v2x_module,spoofing,availability,major
881,v2x_module,spoofing,confidentiality,major
882,v2x_module,spoofing,availability,moderate
883,ecu,spoofing,integrity,major
884,lidar,spoofing,availability,major
885,lidar,spoofing,integrity,major
886,ota_module,spoofing,integrity,major
887,gps,spoofing,integrity,major
888,ota_module,spoofing,availability,major
889,ecu,spoofing,availability,major
890,tire_pressure,spoofing,availability,major
891,tire_pressure,spoofing,integrity,major
892,v2x_module,spoofing,integrity,major
893,ecu,spoofing,availability,major
894,ecu,spoofing,integrity,major
895,tire_pressure,spoofing,integrity,major
896,ota_module,spoofing,confidentiality,major
897,tire_pressure,spoofing,integrity,major
898,ota_module,spoofing,availability,major
899,can_bus,spoofing,availability,major
900,gps,spoofing,integrity,major
901,can_bus,tampering,integrity,major
902,gps,tampering,integrity,major
903,ecu,tampering,integrity,major
904,ecu,tampering,integrity,major
905,ecu,tampering,confidentiality,major
906,can_bus,tampering,integrity,major
907,camera,tampering,availability,major
908,can_bus,tampering,integrity,major
909,can_bus,tampering,integrity,major
910,camera,tampering,integrity,moderate
911,lidar,tampering,integrity,major
912,camera,tampering,integrity,major
913,lidar,tampering,integrity,major
914,lidar,tampering,availability,major
915,ecu,tampering,integrity,major
916,can_bus,tampering,integrity,major
917,ota_module,tampering,integrity,major
918,camera,tampering,integrity,major
919,can_bus,tampering,integrity,major
920,v2x_module,tampering,integrity,major
921,tire_pressure,tampering,integrity,major
922,gps,tampering,integrity,major
923,camera,tampering,integrity,major
924,lidar,tampering,integrity,major
925,v2x_module,tampering,integrity,major
926,ecu,tampering,integrity,major
927,camera,tampering,availability,major
928,can_bus,tampering,integrity,major
929,camera,tampering,integrity,major
930,ota_module,tampering,integrity,major
931,camera,tampering,integrity,inconsequential
932,can_bus,tampering,integrity,major
933,ecu,tampering,integrity,major
934,ecu,tampering,integrity,severe
935,camera,tampering,integrity,major
936,ecu,tampering,confidentiality,major
937,camera,tampering,integrity,major
938,tire_pressure,tampering,integrity,major
939,tire_pressure,tampering,availability,major
940,gps,tampering,confidentiality,major
941,lidar,tampering,integrity,major
942,ota_module,tampering,integrity,inconsequential
943,tire_pressure,tampering,availability,major
944,tire_pressure,tampering,integrity,major
945,ota_module,tampering,integrity,major
946,gps,tampering,integrity,major
947,lidar,tampering,integrity,inconsequential
948,ecu,tampering,integrity,major
949,gps,tampering,integrity,major
950,camera,tampering,integrity,major
951,lidar,tampering,integrity,major
952,camera,tampering,integrity,major
953,lidar,tampering,integrity,major
954,tire_pressure,tampering,integrity,major
955,camera,tampering,integrity,major
956,ota_module,tampering,integrity,major
957,lidar,tampering,integrity,major
958,camera,tampering,integrity,major
959,ecu,tampering,integrity,major
960,v2x_module,tampering,availability,moderate
961,gps,tampering,integrity,major
962,lidar,tampering,integrity,major
963,ecu,tampering,integrity,inconsequential
964,gps,tampering,availability,major
965,v2x_module,tampering,integrity,major
966,lidar,tampering,availability,major
967,gps,tampering,integrity,major
968,can_bus,tampering,integrity,major
969,tire_pressure,tampering,integrity,severe
970,tire_pressure,tampering,confidentiality,major
971,camera,tampering,integrity,major
972,v2x_module,tampering,integrity,major
973,gps,tampering,integrity,major
974,tire_pressure,tampering,integrity,major
975,v2x_module,tampering,integrity,major
976,tire_pressure,tampering,integrity,major
977,can_bus,tampering,integrity,major
978,gps,tampering,integrity,major
979,ecu,tampering,integrity,major
980,camera,tampering,integrity,major
981,tire_pressure,tampering,integrity,major
982,ota_module,tampering,integrity,major
983,ota_module,tampering,integrity,major
984,lidar,tampering,integrity,major
985,can_bus,tampering,integrity,major
986,camera,tampering,availability,major
987,v2x_module,tampering,availability,major
988,can_bus,tampering,integrity,major
989,v2x_module,tampering,integrity,moderate
990,ota_module,tampering,integrity,major
991,gps,tampering,integrity,major
992,ecu,tampering,integrity,major
993,v2x_module,tampering,integrity,major
994,ecu,tampering,integrity,major
995,ota_module,tampering,confidentiality,major
996,tire_pressure,tampering,availability,severe
997,v2x_module,tampering,integrity,major
998,camera,tampering,integrity,major
999,tire_pressure,tampering,integrity,major
1000,can_bus,tampering,integrity,major
1001,camera,tampering,integrity,major
1002,lidar,tampering,availability,major
1003,v2x_module,tampering,integrity,major
1004,ota_module,tampering,integrity,major
1005,ota_module,tampering,integrity,major
1006,lidar,tampering,integrity,major
1007,tire_pressure,tampering,integrity,major
1008,ota_module,tampering,integrity,major
1009,ota_module,tampering,integrity,major
1010,gps,tampering,integrity,major
1011,can_bus,tampering,integrity,major
1012,camera,tampering,integrity,major
1013,ota_module,tampering,integrity,major
1014,v2x_module,tampering,integrity,major
1015,lidar,tampering,integrity,major
1016,ota_module,tampering,integrity,major
1017,gps,tampering,availability,major
1018,ota_module,tampering,integrity,major
1019,tire_pressure,tampering,integrity,major
1020,ecu,tampering,integrity,major
1021,camera,tampering,availability,major
1022,ota_module,tampering,integrity,major
1023,ecu,tampering,integrity,major
1024,camera,tampering,integrity,major
1025,camera,tampering,integrity,major
1026,v2x_module,tampering,integrity,major
1027,v2x_module,tampering,integrity,major
1028,camera,tampering,integrity,inconsequential
1029,v2x_module,tampering,integrity,major
1030,ecu,tampering,integrity,major
1031,v2x_module,tampering,integrity,major
1032,lidar,tampering,integrity,major
1033,can_bus,tampering,availability,major
1034,ota_module,tampering,integrity,moderate
1035,camera,tampering,integrity,major
1036,gps,tampering,integrity,major
1037,ecu,tampering,integrity,major
1038,tire_pressure,tampering,integrity,major
1039,ota_module,tampering,integrity,moderate
1040,ecu,tampering,availability,major
1041,camera,tampering,integrity,major
1042,camera,tampering,integrity,major
1043,v2x_module,tampering,availability,major
1044,gps,tampering,integrity,major
1045,v2x_module,tampering,integrity,major
1046,camera,tampering,integrity,major
1047,v2x_module,tampering,integrity,inconsequential
1048,ota_module,tampering,availability,major
1049,ecu,tampering,integrity,major
1050,tire_pressure,tampering,integrity,major
1051,lidar,tampering,integrity,major
1052,can_bus,tampering,integrity,major
1053,ecu,tampering,availability,major
1054,ota_module,tampering,integrity,major
1055,lidar,tampering,integrity,major
1056,v2x_module,tampering,availability,major
1057,tire_pressure,tampering,integrity,major
1058,gps,tampering,integrity,major
1059,ota_module,tampering,integrity,major
1060,tire_pressure,tampering,integrity,major
1061,camera,tampering,integrity,severe
1062,tire_pressure,tampering,availability,major
1063,can_bus,tampering,integrity,major
1064,camera,tampering,integrity,major
1065,camera,tampering,integrity,major
1066,camera,tampering,integrity,major
1067,ota_module,tampering,integrity,major
1068,can_bus,tampering,integrity,major
1069,tire_pressure,tampering,confidentiality,major
1070,camera,tampering,integrity,major
1071,ecu,tampering,integrity,major
1072,ota_module,tampering,integrity,major
1073,ota_module,tampering,integrity,severe
1074,camera,tampering,integrity,major
1075,lidar,tampering,integrity,major
1076,lidar,tampering,integrity,major
1077,lidar,tampering,integrity,major
1078,can_bus,tampering,integrity,major
1079,v2x_module,tampering,integrity,major
1080,camera,tampering,integrity,major
1081,lidar,tampering,integrity,major
1082,tire_pressure,tampering,integrity,major
1083,tire_pressure,tampering,availability,major
1084,ecu,tampering,integrity,severe
1085,can_bus,tampering,integrity,major
1086,can_bus,tampering,integrity,major
1087,ecu,tampering,integrity,major
1088,v2x_module,tampering,availability,moderate
1089,gps,tampering,integrity,major
1090,ota_module,tampering,confidentiality,major
1091,ecu,tampering,availability,major
1092,lidar,tampering,integrity,major
1093,v2x_module,tampering,integrity,major
1094,camera,tampering,confidentiality,major
1095,ecu,tampering,integrity,major
1096,v2x_module,tampering,availability,major
1097,gps,tampering,integrity,major
1098,tire_pressure,tampering,integrity,major
1099,ota_module,tampering,availability,major
1100,lidar,tampering,confidentiality,major
1101,ota_module,tampering,integrity,moderate
1102,can_bus,tampering,integrity,major
1103,camera,tampering,integrity,major
1104,ecu,tampering,availability,major
1105,lidar,tampering,integrity,major
1106,v2x_module,tampering,integrity,major
1107,ota_module,tampering,integrity,major
1108,camera,tampering,integrity,major
1109,v2x_module,tampering,integrity,major
1110,can_bus,tampering,integrity,major
1111,ota_module,tampering,integrity,major
1112,ota_module,tampering,confidentiality,major
1113,tire_pressure,tampering,integrity,major
1114,v2x_module,tampering,integrity,major
1115,camera,tampering,integrity,major
1116,tire_pressure,tampering,confidentiality,moderate
1117,camera,tampering,integrity,major
1118,tire_pressure,tampering,availability,major
1119,camera,tampering,availability,major
1120,ota_module,tampering,integrity,severe
1121,can_bus,tampering,integrity,major
1122,camera,tampering,availability,major
1123,gps,tampering,integrity,major
1124,can_bus,tampering,confidentiality,moderate
1125,camera,tampering,integrity,major
1126,ecu,tampering,availability,major
1127,camera,tampering,integrity,major
1128,v2x_module,tampering,integrity,major
1129,lidar,tampering,integrity,major
1130,can_bus,tampering,integrity,major
1131,can_bus,tampering,integrity,major
1132,v2x_module,tampering,integrity,severe
1133,gps,tampering,availability,major
1134,gps,tampering,integrity,major
1135,lidar,tampering,integrity,major
1136,can_bus,tampering,availability,moderate
1137,ota_module,tampering,integrity,major
1138,v2x_module,tampering,integrity,major
1139,ota_module,tampering,integrity,major
1140,tire_pressure,tampering,integrity,major
1141,ota_module,tampering,integrity,major
1142,ota_module,tampering,integrity,major
1143,v2x_module,tampering,integrity,major
1144,can_bus,tampering,integrity,major
1145,ota_module,tampering,availability,major
1146,lidar,tampering,integrity,major
1147,tire_pressure,tampering,integrity,major
1148,camera,tampering,integrity,major
1149,lidar,tampering,integrity,major
1150,gps,tampering,integrity,major
1151,ecu,tampering,integrity,major
1152,ecu,tampering,integrity,major
1153,camera,tampering,integrity,major
1154,ecu,tampering,integrity,major
1155,ota_module,tampering,availability,moderate
1156,gps,tampering,integrity,major
1157,ecu,tampering,integrity,major
1158,ecu,tampering,integrity,major
1159,camera,tampering,integrity,major
1160,v2x_module,tampering,integrity,major
1161,v2x_module,tampering,availability,major
1162,tire_pressure,tampering,integrity,major
1163,lidar,tampering,integrity,major
1164,gps,tampering,integrity,major
1165,camera,tampering,integrity,severe
1166,ota_module,tampering,availability,major
1167,gps,tampering,confidentiality,major
1168,gps,tampering,integrity,major
1169,tire_pressure,tampering,integrity,major
1170,can_bus,tampering,integrity,major
1171,lidar,tampering,availability,major
1172,gps,tampering,integrity,major
1173,camera,tampering,availability,major
1174,v2x_module,tampering,integrity,major
1175,ota_module,tampering,integrity,major
1176,ota_module,tampering,confidentiality,major
1177,gps,tampering,confidentiality,major
1178,ecu,tampering,availability,inconsequential
1179,lidar,tampering,confidentiality,major
1180,ota_module,tampering,availability,major
1181,tire_pressure,tampering,confidentiality,major
1182,camera,tampering,availability,major
1183,camera,tampering,availability,major
1184,can_bus,tampering,availability,major
1185,camera,tampering,integrity,major
1186,camera,tampering,integrity,major
1187,ota_module,tampering,availability,major
1188,can_bus,tampering,integrity,major
1189,gps,tampering,integrity,major
1190,tire_pressure,tampering,availability,major
1191,gps,tampering,integrity,major
1192,can_bus,tampering,integrity,major
1193,ota_module,tampering,integrity,major
1194,lidar,tampering,integrity,major
1195,tire_pressure,tampering,integrity,severe
1196,tire_pressure,tampering,integrity,major
1197,tire_pressure,tampering,confidentiality,major
1198,camera,tampering,availability,major
1199,v2x_module,tampering,integrity,major
1200,camera,tampering,availability,major
1201,v2x_module,tampering,integrity,major
1202,tire_pressure,tampering,integrity,major
1203,gps,tampering,integrity,major
1204,lidar,tampering,integrity,major
1205,gps,tampering,integrity,major
1206,tire_pressure,tampering,integrity,major
1207,gps,tampering,availability,inconsequential
1208,ota_module,tampering,availability,inconsequential
1209,ecu,tampering,integrity,major
1210,camera,tampering,integrity,major
1211,can_bus,tampering,availability,major
1212,can_bus,tampering,integrity,major
1213,gps,tampering,integrity,major
1214,v2x_module,tampering,integrity,major
1215,can_bus,tampering,integrity,major
1216,tire_pressure,tampering,integrity,major
1217,gps,tampering,availability,major
1218,lidar,tampering,confidentiality,major
1219,gps,tampering,availability,major
1220,can_bus,tampering,integrity,major
1221,camera,tampering,integrity,major
1222,tire_pressure,tampering,confidentiality,major
1223,gps,tampering,integrity,major
1224,lidar,tampering,integrity,major
1225,can_bus,tampering,integrity,inconsequential
1226,can_bus,tampering,integrity,major
1227,ecu,tampering,integrity,major
1228,can_bus,tampering,integrity,major
1229,ota_module,tampering,integrity,major
1230,tire_pressure,tampering,integrity,severe
1231,gps,tampering,availability,severe
1232,lidar,tampering,integrity,major
1233,lidar,tampering,availability,major
1234,can_bus,tampering,integrity,major
1235,lidar,tampering,integrity,major
1236,ecu,tampering,integrity,major
1237,ecu,tampering,integrity,major
1238,ota_module,tampering,integrity,major
1239,gps,tampering,integrity,major
1240,v2x_module,tampering,integrity,major
1241,ecu,tampering,availability,moderate
1242,tire_pressure,tampering,integrity,major
1243,v2x_module,tampering,integrity,moderate
1244,tire_pressure,tampering,integrity,major
1245,tire_pressure,tampering,integrity,major
1246,ota_module,tampering,integrity,moderate
1247,v2x_module,tampering,integrity,major
1248,tire_pressure,tampering,integrity,major
1249,tire_pressure,tampering,integrity,major
1250,gps,tampering,integrity,major
1251,gps,tampering,integrity,severe
1252,v2x_module,tampering,integrity,major
1253,tire_pressure,tampering,integrity,major
1254,lidar,tampering,integrity,major
1255,can_bus,tampering,integrity,major
1256,gps,tampering,integrity,major
1257,v2x_module,tampering,integrity,major
1258,v2x_module,tampering,integrity,major
1259,can_bus,tampering,integrity,major
1260,camera,tampering,confidentiality,major
1261,ota_module,tampering,integrity,major
1262,camera,tampering,confidentiality,major
1263,lidar,tampering,integrity,major
1264,gps,tampering,integrity,major
1265,ota_module,tampering,integrity,major
1266,lidar,tampering,integrity,major
1267,ota_module,tampering,integrity,major
1268,lidar,tampering,integrity,major
1269,gps,tampering,integrity,major
1270,lidar,tampering,integrity,severe
1271,lidar,tampering,integrity,major
1272,lidar,tampering,integrity,major
1273,tire_pressure,tampering,integrity,major
1274,v2x_module,tampering,integrity,major
1275,ota_module,tampering,integrity,major
1276,camera,tampering,integrity,major
1277,tire_pressure,tampering,integrity,major
1278,can_bus,tampering,confidentiality,major
1279,gps,tampering,integrity,major
1280,ota_module,tampering,integrity,major
1281,lidar,tampering,integrity,moderate
1282,ecu,tampering,integrity,major
1283,camera,tampering,integrity,major
1284,camera,tampering,availability,inconsequential
1285,lidar,tampering,availability,major
1286,camera,tampering,availability,major
1287,ecu,tampering,integrity,major
1288,camera,tampering,integrity,major
1289,can_bus,tampering,integrity,major
1290,gps,tampering,integrity,major
1291,can_bus,tampering,integrity,major
1292,ota_module,tampering,availability,major
1293,ecu,tampering,integrity,major
1294,v2x_module,tampering,integrity,inconsequential
1295,gps,tampering,integrity,major
1296,ecu,tampering,integrity,severe
1297,ota_module,tampering,integrity,major
1298,can_bus,tampering,integrity,major
1299,ecu,tampering,integrity,major
1300,ecu,tampering,integrity,major
1301,camera,tampering,integrity,major
1302,can_bus,tampering,integrity,major
1303,ota_module,tampering,integrity,major
1304,camera,tampering,integrity,major
1305,camera,tampering,integrity,major
1306,ecu,tampering,confidentiality,major
1307,camera,tampering,confidentiality,major
1308,camera,tampering,integrity,major
1309,gps,tampering,integrity,major
1310,gps,tampering,availability,major
1311,camera,tampering,availability,major
1312,can_bus,tampering,integrity,major
1313,v2x_module,tampering,integrity,major
1314,ota_module,tampering,integrity,major
1315,gps,tampering,confidentiality,major
1316,tire_pressure,tampering,availability,major
1317,can_bus,tampering,integrity,major
1318,v2x_module,tampering,integrity,major
1319,can_bus,tampering,integrity,major
1320,can_bus,tampering,integrity,major
1321,ota_module,tampering,availability,major
1322,camera,tampering,integrity,major
1323,ecu,tampering,integrity,major
1324,tire_pressure,tampering,integrity,major
1325,ota_module,tampering,integrity,major
1326,tire_pressure,tampering,integrity,inconsequential
1327,ota_module,tampering,integrity,moderate
1328,lidar,tampering,availability,major
1329,ota_module,tampering,integrity,major
1330,ota_module,tampering,integrity,major
1331,ota_module,tampering,integrity,major
1332,gps,tampering,availability,major
1333,can_bus,tampering,integrity,major
1334,tire_pressure,tampering,confidentiality,major
1335,can_bus,tampering,integrity,major
1336,tire_pressure,tampering,integrity,major
1337,lidar,tampering,availability,major
1338,gps,tampering,integrity,major
1339,ecu,tampering,integrity,major
1340,v2x_module,tampering,integrity,major
1341,lidar,tampering,integrity,major
1342,ecu,tampering,integrity,major
1343,lidar,tampering,integrity,major
1344,camera,tampering,integrity,major
1345,tire_pressure,tampering,integrity,major
1346,gps,tampering,integrity,major
1347,tire_pressure,tampering,integrity,major
1348,tire_pressure,tampering,integrity,major
1349,ota_module,tampering,availability,severe
1350,camera,tampering,integrity,major
1351,lidar,tampering,availability,moderate
1352,v2x_module,tampering,availability,major
1353,ota_module,tampering,integrity,major
1354,can_bus,tampering,availability,major
1355,v2x_module,tampering,integrity,major
1356,gps,tampering,integrity,major
1357,v2x_module,tampering,availability,major
1358,v2x_module,tampering,integrity,major
1359,lidar,tampering,integrity,major
1360,lidar,tampering,integrity,major
1361,gps,tampering,availability,major
1362,tire_pressure,tampering,integrity,major
1363,v2x_module,tampering,availability,major
1364,tire_pressure,tampering,availability,major
1365,can_bus,tampering,integrity,major
1366,tire_pressure,tampering,integrity,major
1367,gps,tampering,integrity,major
1368,v2x_module,tampering,availability,major
1369,ota_module,tampering,integrity,major
1370,gps,tampering,integrity,major
1371,tire_pressure,tampering,integrity,major
1372,v2x_module,tampering,integrity,major
1373,v2x_module,tampering,integrity,major
1374,ecu,tampering,availability,major
1375,ecu,tampering,availability,major
1376,v2x_module,tampering,integrity,major
1377,tire_pressure,tampering,integrity,major
1378,gps,tampering,integrity,inconsequential
1379,can_bus,tampering,integrity,major
1380,v2x_module,tampering,integrity,major
1381,can_bus,tampering,availability,major
1382,v2x_module,tampering,integrity,major
1383,gps,tampering,availability,major
1384,ota_module,tampering,confidentiality,major
1385,camera,tampering,integrity,major
1386,can_bus,tampering,integrity,major
1387,can_bus,tampering,integrity,major
1388,ecu,tampering,availability,major
1389,can_bus,tampering,availability,major
1390,can_bus,tampering,availability,major
1391,gps,tampering,availability,moderate
1392,lidar,tampering,integrity,major
1393,v2x_module,tampering,integrity,major
1394,can_bus,tampering,integrity,moderate
1395,v2x_module,tampering,integrity,major
1396,gps,tampering,integrity,major
1397,v2x_module,tampering,integrity,major
1398,ecu,tampering,integrity,major
1399,gps,tampering,integrity,major
1400,ecu,tampering,integrity,major
1401,v2x_module,tampering,integrity,major
1402,ecu,tampering,integrity,major
1403,gps,tampering,integrity,major
1404,v2x_module,tampering,availability,severe
1405,v2x_module,tampering,integrity,major
1406,ecu,tampering,integrity,major
1407,gps,tampering,availability,severe
1408,can_bus,tampering,availability,major
1409,camera,tampering,integrity,major
1410,ota_module,tampering,integrity,major
1411,can_bus,tampering,integrity,major
1412,can_bus,tampering,integrity,inconsequential
1413,tire_pressure,tampering,integrity,major
1414,gps,tampering,integrity,major
1415,can_bus,tampering,availability,major
1416,camera,tampering,integrity,major
1417,tire_pressure,tampering,integrity,major
1418,ota_module,tampering,integrity,major
1419,lidar,tampering,integrity,major
1420,ota_module,tampering,availability,major
1421,camera,tampering,integrity,major
1422,can_bus,tampering,integrity,major
1423,lidar,tampering,integrity,major
1424,lidar,tampering,integrity,major
1425,gps,tampering,integrity,moderate
1426,tire_pressure,tampering,integrity,major
1427,v2x_module,tampering,integrity,major
1428,ecu,tampering,integrity,major
1429,tire_pressure,tampering,integrity,major
1430,lidar,tampering,integrity,major
1431,lidar,tampering,integrity,major
1432,ota_module,tampering,integrity,major
1433,can_bus,tampering,integrity,major
1434,ecu,tampering,availability,major
1435,v2x_module,tampering,integrity,major
1436,v2x_module,tampering,integrity,major
1437,can_bus,tampering,integrity,major
1438,v2x_module,tampering,integrity,major
1439,ecu,tampering,integrity,major
1440,camera,tampering,integrity,severe
1441,gps,tampering,availability,major
1442,ecu,tampering,availability,major
1443,ecu,tampering,integrity,major
1444,ota_module,tampering,integrity,major
1445,can_bus,tampering,integrity,severe
1446,can_bus,tampering,integrity,major
1447,camera,tampering,confidentiality,major
1448,ecu,tampering,integrity,major
1449,lidar,tampering,integrity,major
1450,lidar,tampering,confidentiality,major
1451,ota_module,tampering,integrity,major
1452,gps,tampering,availability,inconsequential
1453,gps,tampering,integrity,severe
1454,camera,tampering,integrity,major
1455,can_bus,tampering,integrity,major
1456,lidar,tampering,integrity,major
1457,tire_pressure,tampering,integrity,severe
1458,gps,tampering,integrity,major
1459,v2x_module,tampering,integrity,major
1460,can_bus,tampering,integrity,major
1461,lidar,tampering,availability,major
1462,ota_module,tampering,integrity,major
1463,ecu,tampering,integrity,major
1464,ota_module,tampering,integrity,major
1465,lidar,tampering,integrity,major
1466,v2x_module,tampering,confidentiality,major
1467,v2x_module,tampering,integrity,major
1468,can_bus,tampering,integrity,major
1469,can_bus,tampering,integrity,major
1470,lidar,tampering,integrity,major
1471,ota_module,tampering,integrity,major
1472,ecu,tampering,availability,major
1473,camera,tampering,integrity,major
1474,lidar,tampering,integrity,inconsequential
1475,camera,tampering,integrity,major
1476,v2x_module,tampering,integrity,major
1477,lidar,tampering,integrity,major
1478,camera,tampering,integrity,inconsequential
1479,ota_module,tampering,integrity,major
1480,gps,tampering,integrity,major
1481,ecu,tampering,integrity,moderate
1482,v2x_module,tampering,availability,severe
1483,camera,tampering,availability,major
1484,gps,tampering,integrity,major
1485,gps,tampering,confidentiality,major
1486,lidar,tampering,integrity,major
1487,camera,tampering,integrity,major
1488,ota_module,tampering,availability,major
1489,ota_module,tampering,confidentiality,major
1490,camera,tampering,integrity,major
1491,ota_module,tampering,availability,major
1492,lidar,tampering,confidentiality,inconsequential
1493,gps,tampering,confidentiality,major
1494,camera,tampering,integrity,moderate
1495,camera,tampering,integrity,major
1496,v2x_module,tampering,integrity,major
1497,gps,tampering,integrity,major
1498,camera,tampering,integrity,major
1499,can_bus,tampering,integrity,major
1500,camera,tampering,integrity,major
1501,can_bus,tampering,availability,major
1502,tire_pressure,tampering,integrity,moderate
1503,camera,tampering,confidentiality,major
1504,ecu,tampering,integrity,major
1505,lidar,tampering,integrity,major
1506,lidar,tampering,integrity,major
1507,ota_module,tampering,availability,major
1508,camera,tampering,integrity,major
1509,lidar,tampering,integrity,major
1510,tire_pressure,tampering,availability,moderate
1511,tire_pressure,tampering,integrity,major
1512,camera,tampering,integrity,major
1513,ota_module,tampering,integrity,major
1514,can_bus,tampering,integrity,major
1515,lidar,tampering,integrity,major
1516,tire_pressure,tampering,availability,major
1517,ota_module,tampering,integrity,major
1518,can_bus,tampering,integrity,major
1519,tire_pressure,tampering,availability,major
1520,gps,tampering,integrity,major
1521,lidar,tampering,integrity,major
1522,ota_module,tampering,integrity,major
1523,ota_module,tampering,integrity,major
1524,can_bus,tampering,integrity,major
1525,gps,tampering,integrity,major
1526,gps,tampering,integrity,inconsequential
1527,v2x_module,tampering,integrity,major
1528,lidar,tampering,confidentiality,major
1529,tire_pressure,tampering,integrity,severe
1530,v2x_module,tampering,integrity,major
1531,ecu,tampering,integrity,major
1532,can_bus,tampering,integrity,moderate
1533,ecu,tampering,availability,major
1534,v2x_module,tampering,integrity,major
1535,gps,tampering,integrity,major
1536,ota_module,tampering,confidentiality,major
1537,ota_module,tampering,integrity,severe
1538,lidar,tampering,availability,inconsequential
1539,camera,tampering,integrity,major
1540,ota_module,tampering,integrity,inconsequential
1541,can_bus,tampering,availability,moderate
1542,can_bus,tampering,availability,major
1543,lidar,tampering,integrity,major
1544,camera,tampering,integrity,major
1545,gps,tampering,integrity,severe
1546,v2x_module,tampering,availability,major
1547,can_bus,tampering,integrity,major
1548,lidar,tampering,integrity,moderate
1549,can_bus,tampering,integrity,major
1550,tire_pressure,tampering,integrity,major
1551,v2x_module,tampering,integrity,major
1552,gps,tampering,integrity,major
1553,gps,tampering,availability,major
1554,v2x_module,tampering,integrity,major
1555,gps,tampering,availability,major
1556,ecu,tampering,integrity,major
1557,ecu,tampering,integrity,major
1558,gps,tampering,integrity,major
1559,v2x_module,tampering,availability,major
1560,lidar,tampering,integrity,major
1561,tire_pressure,tampering,integrity,inconsequential
1562,camera,tampering,confidentiality,major
1563,ota_module,tampering,confidentiality,moderate
1564,ecu,tampering,integrity,major
1565,ota_module,tampering,integrity,major
1566,tire_pressure,tampering,integrity,major
1567,ota_module,tampering,integrity,major
1568,ota_module,tampering,integrity,major
1569,ota_module,tampering,integrity,major
1570,gps,tampering,integrity,major
1571,gps,tampering,integrity,major
1572,camera,tampering,integrity,major
1573,can_bus,tampering,integrity,major
1574,ecu,tampering,integrity,major
1575,ota_module,tampering,integrity,major
1576,can_bus,tampering,availability,major
1577,camera,tampering,integrity,major
1578,camera,tampering,integrity,major
1579,tire_pressure,tampering,integrity,major
1580,camera,tampering,integrity,major
1581,can_bus,tampering,availability,major
1582,tire_pressure,tampering,integrity,major
1583,lidar,tampering,confidentiality,major
1584,ota_module,tampering,availability,major
1585,tire_pressure,tampering,integrity,major
1586,lidar,tampering,integrity,major
1587,ecu,tampering,integrity,severe
1588,gps,tampering,availability,major
1589,tire_pressure,tampering,integrity,major
1590,tire_pressure,tampering,integrity,major
1591,v2x_module,tampering,integrity,major
1592,ecu,tampering,integrity,major
1593,camera,tampering,availability,major
1594,lidar,tampering,integrity,major
1595,lidar,tampering,integrity,major
1596,ota_module,tampering,integrity,major
1597,can_bus,tampering,integrity,major
1598,ecu,tampering,integrity,major
1599,can_bus,tampering,availability,major
1600,camera,tampering,integrity,major
1601,gps,tampering,integrity,major
1602,ota_module,tampering,integrity,major
1603,gps,tampering,integrity,major
1604,ecu,tampering,availability,major
1605,ota_module,tampering,integrity,major
1606,v2x_module,tampering,integrity,major
1607,ota_module,tampering,integrity,major
1608,lidar,tampering,integrity,major
1609,v2x_module,tampering,integrity,major
1610,lidar,tampering,integrity,inconsequential
1611,v2x_module,tampering,integrity,major
1612,camera,tampering,integrity,major
1613,gps,tampering,integrity,major
1614,v2x_module,tampering,confidentiality,major
1615,ecu,tampering,integrity,major
1616,v2x_module,tampering,integrity,major
1617,ecu,tampering,availability,major
1618,lidar,tampering,integrity,severe
1619,camera,tampering,confidentiality,major
1620,v2x_module,tampering,integrity,major
1621,lidar,tampering,availability,major
1622,lidar,tampering,integrity,major
1623,can_bus,tampering,integrity,major
1624,v2x_module,tampering,integrity,major
1625,tire_pressure,tampering,confidentiality,major
1626,can_bus,tampering,integrity,major
1627,ecu,tampering,integrity,inconsequential
1628,gps,tampering,integrity,inconsequential
1629,tire_pressure,tampering,integrity,major
1630,lidar,tampering,integrity,major
1631,gps,tampering,integrity,major
1632,camera,tampering,availability,major
1633,lidar,tampering,integrity,major
1634,v2x_module,tampering,integrity,major
1635,can_bus,tampering,integrity,major
1636,lidar,tampering,integrity,moderate
1637,can_bus,tampering,integrity,major
1638,gps,tampering,availability,major
1639,lidar,tampering,integrity,major
1640,camera,tampering,integrity,moderate
1641,lidar,tampering,integrity,severe
1642,gps,tampering,integrity,severe
1643,gps,tampering,integrity,major
1644,ecu,tampering,integrity,major
1645,lidar,tampering,integrity,major
1646,can_bus,tampering,confidentiality,major
1647,camera,tampering,integrity,major
1648,ecu,tampering,integrity,major
1649,tire_pressure,tampering,integrity,major
1650,v2x_module,tampering,integrity,major
1651,v2x_module,tampering,integrity,major
1652,gps,tampering,confidentiality,major
1653,ota_module,tampering,availability,major
1654,v2x_module,tampering,integrity,major
1655,camera,tampering,availability,moderate
1656,can_bus,tampering,integrity,major
1657,v2x_module,tampering,integrity,major
1658,ecu,tampering,integrity,major
1659,ota_module,tampering,integrity,major
1660,gps,tampering,confidentiality,major
1661,camera,tampering,availability,moderate
1662,camera,tampering,integrity,severe
1663,gps,tampering,integrity,major
1664,tire_pressure,tampering,confidentiality,major
1665,lidar,tampering,integrity,major
1666,lidar,tampering,integrity,inconsequential
1667,v2x_module,tampering,integrity,major
1668,camera,tampering,integrity,major
1669,ota_module,tampering,confidentiality,major
1670,ota_module,tampering,integrity,major
1671,ecu,tampering,integrity,major
1672,gps,tampering,integrity,major
1673,camera,tampering,availability,major
1674,ota_module,tampering,integrity,major
1675,tire_pressure,tampering,availability,major
1676,can_bus,tampering,integrity,major
1677,gps,tampering,integrity,major
1678,tire_pressure,tampering,integrity,major
1679,can_bus,tampering,availability,major
1680,can_bus,tampering,integrity,major
1681,ota_module,tampering,availability,moderate
1682,camera,tampering,integrity,major
1683,lidar,tampering,integrity,major
1684,ecu,tampering,integrity,major
1685,v2x_module,tampering,integrity,major
1686,ota_module,tampering,integrity,major
1687,camera,tampering,integrity,major
1688,gps,tampering,integrity,major
1689,v2x_module,tampering,integrity,major
1690,can_bus,tampering,integrity,major
1691,can_bus,tampering,integrity,major
1692,v2x_module,tampering,integrity,major
1693,ota_module,tampering,confidentiality,major
1694,tire_pressure,tampering,integrity,major
1695,can_bus,tampering,integrity,major
1696,lidar,tampering,integrity,major
1697,ecu,tampering,integrity,major
1698,ecu,tampering,integrity,major
1699,can_bus,tampering,integrity,major
1700,ecu,tampering,integrity,major
1701,can_bus,tampering,integrity,major
1702,gps,tampering,availability,major
1703,tire_pressure,tampering,integrity,major
1704,camera,tampering,integrity,major
1705,ecu,tampering,integrity,major
1706,gps,tampering,integrity,major
1707,gps,tampering,availability,major
1708,camera,tampering,integrity,major
1709,gps,tampering,availability,major
1710,ota_module,tampering,integrity,major
1711,ota_module,tampering,integrity,major
1712,lidar,tampering,integrity,major
1713,gps,tampering,confidentiality,major
1714,can_bus,tampering,integrity,major
1715,can_bus,tampering,integrity,major
1716,camera,tampering,integrity,major
1717,can_bus,tampering,integrity,major
1718,tire_pressure,tampering,integrity,major
1719,can_bus,tampering,integrity,major
1720,ecu,tampering,integrity,major
1721,tire_pressure,tampering,integrity,major
1722,camera,tampering,integrity,major
1723,camera,tampering,availability,major
1724,tire_pressure,tampering,integrity,severe
1725,tire_pressure,tampering,integrity,major
1726,lidar,tampering,integrity,major
1727,ota_module,tampering,integrity,major
1728,can_bus,tampering,integrity,major
1729,gps,tampering,integrity,major
1730,ota_module,tampering,integrity,moderate
1731,lidar,tampering,integrity,major
1732,tire_pressure,tampering,integrity,major
1733,can_bus,tampering,integrity,inconsequential
1734,camera,tampering,integrity,major
1735,tire_pressure,tampering,integrity,major
1736,camera,tampering,confidentiality,major
1737,gps,tampering,integrity,major
1738,camera,tampering,availability,major
1739,can_bus,tampering,availability,major
1740,gps,tampering,integrity,major
1741,v2x_module,tampering,availability,major
1742,can_bus,tampering,integrity,major
1743,can_bus,tampering,integrity,major
1744,ecu,tampering,integrity,major
1745,gps,tampering,integrity,major
1746,gps,tampering,availability,major
1747,ota_module,tampering,integrity,major
1748,can_bus,tampering,integrity,major
1749,lidar,tampering,integrity,inconsequential
1750,camera,tampering,integrity,major
1751,ecu,tampering,integrity,major
1752,ota_module,tampering,integrity,major
1753,ota_module,tampering,integrity,major
1754,camera,tampering,integrity,severe
1755,lidar,tampering,availability,major
1756,ecu,tampering,integrity,major
1757,gps,tampering,availability,inconsequential
1758,ecu,tampering,integrity,major
1759,ecu,tampering,integrity,major
1760,ecu,tampering,integrity,moderate
1761,ecu,tampering,availability,major
1762,gps,tampering,integrity,major
1763,lidar,tampering,integrity,moderate
1764,v2x_module,tampering,integrity,major
1765,tire_pressure,tampering,availability,moderate
1766,v2x_module,tampering,integrity,major
1767,camera,tampering,integrity,major
1768,v2x_module,tampering,integrity,inconsequential
1769,ecu,tampering,integrity,major
1770,ecu,tampering,integrity,major
1771,lidar,tampering,integrity,major
1772,can_bus,tampering,integrity,major
1773,v2x_module,tampering,integrity,severe
1774,camera,tampering,integrity,major
1775,camera,tampering,integrity,major
1776,v2x_module,tampering,availability,major
1777,v2x_module,tampering,integrity,major
1778,can_bus,tampering,availability,major
1779,ecu,tampering,integrity,major
1780,ota_module,tampering,availability,major
1781,camera,tampering,integrity,major
1782,v2x_module,tampering,availability,major
1783,gps,tampering,integrity,major
1784,ecu,tampering,integrity,major
1785,v2x_module,tampering,availability,major
1786,can_bus,tampering,integrity,major
1787,tire_pressure,tampering,integrity,major
1788,tire_pressure,tampering,availability,major
1789,v2x_module,tampering,integrity,major
1790,ota_module,tampering,integrity,major
1791,gps,tampering,integrity,major
1792,lidar,tampering,integrity,major
1793,ota_module,tampering,integrity,severe
1794,gps,tampering,integrity,severe
1795,lidar,tampering,integrity,major
1796,can_bus,tampering,integrity,major
1797,camera,tampering,integrity,major
1798,gps,tampering,integrity,major
1799,gps,tampering,integrity,major
1800,ota_module,tampering,integrity,major
1801,ecu,repudiation,integrity,minor
1802,camera,repudiation,confidentiality,minor
1803,can_bus,repudiation,integrity,moderate
1804,ota_module,repudiation,integrity,minor
1805,can_bus,repudiation,availability,minor
1806,ota_module,repudiation,confidentiality,minor
1807,can_bus,repudiation,integrity,minor
1808,ecu,repudiation,confidentiality,minor
1809,gps,repudiation,confidentiality,minor
1810,ecu,repudiation,integrity,minor
1811,tire_pressure,repudiation,confidentiality,minor
1812,lidar,repudiation,confidentiality,minor
1813,gps,repudiation,confidentiality,minor
1814,ota_module,repudiation,confidentiality,moderate
1815,tire_pressure,repudiation,integrity,minor
1816,ota_module,repudiation,confidentiality,minor
1817,ecu,repudiation,availability,moderate
1818,camera,repudiation,integrity,minor
1819,camera,repudiation,confidentiality,minor
1820,tire_pressure,repudiation,confidentiality,minor
1821,ota_module,repudiation,integrity,minor
1822,gps,repudiation,integrity,minor
1823,lidar,repudiation,integrity,minor
1824,lidar,repudiation,availability,minor
1825,gps,repudiation,confidentiality,minor
1826,can_bus,repudiation,integrity,minor
1827,camera,repudiation,confidentiality,minor
1828,gps,repudiation,confidentiality,minor
1829,v2x_module,repudiation,integrity,minor
1830,can_bus,repudiation,integrity,minor
1831,tire_pressure,repudiation,availability,minor
1832,camera,repudiation,confidentiality,minor
1833,tire_pressure,repudiation,confidentiality,minor
1834,gps,repudiation,integrity,minor
1835,tire_pressure,repudiation,confidentiality,minor
1836,gps,repudiation,confidentiality,minor
1837,ota_module,repudiation,confidentiality,minor
1838,tire_pressure,repudiation,confidentiality,minor
1839,lidar,repudiation,integrity,minor
1840,camera,repudiation,integrity,minor
1841,lidar,repudiation,integrity,minor
1842,v2x_module,repudiation,availability,inconsequential
1843,can_bus,repudiation,confidentiality,minor
1844,can_bus,repudiation,confidentiality,minor
1845,can_bus,repudiation,confidentiality,minor
1846,ecu,repudiation,confidentiality,minor
1847,can_bus,repudiation,integrity,minor
1848,v2x_module,repudiation,confidentiality,minor
1849,gps,repudiation,integrity,moderate
1850,can_bus,repudiation,integrity,minor
1851,tire_pressure,repudiation,integrity,minor
1852,tire_pressure,repudiation,integrity,minor
1853,can_bus,repudiation,confidentiality,minor
1854,gps,repudiation,confidentiality,minor
1855,camera,repudiation,confidentiality,minor
1856,can_bus,repudiation,availability,minor
1857,v2x_module,repudiation,confidentiality,minor
1858,ota_module,repudiation,confidentiality,minor
1859,lidar,repudiation,availability,minor
1860,ecu,repudiation,confidentiality,minor
1861,ecu,repudiation,availability,minor
1862,ota_module,repudiation,availability,minor
1863,ota_module,repudiation,integrity,minor
1864,lidar,repudiation,confidentiality,minor
1865,gps,repudiation,integrity,minor
1866,gps,repudiation,confidentiality,minor
1867,lidar,repudiation,confidentiality,minor
1868,ota_module,repudiation,confidentiality,minor
1869,gps,repudiation,confidentiality,minor
1870,gps,repudiation,integrity,minor
1871,gps,repudiation,integrity,minor
1872,can_bus,repudiation,confidentiality,minor
1873,can_bus,repudiation,confidentiality,minor
1874,camera,repudiation,confidentiality,minor
1875,lidar,repudiation,confidentiality,minor
1876,can_bus,repudiation,confidentiality,minor
1877,gps,repudiation,confidentiality,minor
1878,v2x_module,repudiation,confidentiality,minor
1879,lidar,repudiation,confidentiality,minor
1880,ecu,repudiation,confidentiality,minor
1881,v2x_module,repudiation,availability,minor
1882,ota_module,repudiation,confidentiality,minor
1883,ecu,repudiation,availability,inconsequential
1884,gps,repudiation,availability,minor
1885,tire_pressure,repudiation,integrity,minor
1886,can_bus,repudiation,confidentiality,minor
1887,ecu,repudiation,integrity,minor
1888,ecu,repudiation,integrity,moderate
1889,camera,repudiation,confidentiality,moderate
1890,tire_pressure,repudiation,integrity,inconsequential
1891,ecu,repudiation,integrity,minor
1892,gps,repudiation,availability,minor
1893,can_bus,repudiation,confidentiality,minor
1894,ecu,repudiation,confidentiality,minor
1895,camera,repudiation,integrity,minor
1896,v2x_module,repudiation,integrity,minor
1897,ota_module,repudiation,confidentiality,minor
1898,v2x_module,repudiation,integrity,minor
1899,lidar,repudiation,integrity,minor
1900,v2x_module,repudiation,confidentiality,minor
1901,v2x_module,repudiation,availability,minor
1902,ota_module,repudiation,confidentiality,inconsequential
1903,tire_pressure,repudiation,confidentiality,minor
1904,ecu,repudiation,confidentiality,minor
1905,lidar,repudiation,confidentiality,minor
1906,gps,repudiation,availability,minor
1907,ecu,repudiation,integrity,minor
1908,ota_module,repudiation,confidentiality,minor
1909,gps,repudiation,confidentiality,inconsequential
1910,v2x_module,repudiation,integrity,minor
1911,ota_module,repudiation,integrity,minor
1912,can_bus,repudiation,integrity,minor
1913,camera,repudiation,integrity,minor
1914,lidar,repudiation,confidentiality,minor
1915,lidar,repudiation,confidentiality,minor
1916,ota_module,repudiation,confidentiality,minor
1917,ecu,repudiation,confidentiality,minor
1918,v2x_module,repudiation,confidentiality,minor
1919,ota_module,repudiation,confidentiality,minor
1920,camera,repudiation,integrity,minor
1921,v2x_module,repudiation,integrity,minor
1922,ota_module,repudiation,confidentiality,minor
1923,tire_pressure,repudiation,confidentiality,minor
1924,v2x_module,repudiation,integrity,minor
1925,lidar,repudiation,confidentiality,minor
1926,tire_pressure,repudiation,confidentiality,minor
1927,lidar,repudiation,integrity,minor
1928,ota_module,repudiation,confidentiality,minor
1929,can_bus,repudiation,confidentiality,minor
1930,lidar,repudiation,integrity,minor
1931,gps,repudiation,integrity,minor
1932,camera,repudiation,confidentiality,inconsequential
1933,camera,repudiation,integrity,minor
1934,ecu,repudiation,confidentiality,minor
1935,ota_module,repudiation,confidentiality,inconsequential
1936,gps,repudiation,availability,moderate
1937,camera,repudiation,confidentiality,minor
1938,lidar,repudiation,integrity,minor
1939,camera,repudiation,integrity,minor
1940,lidar,repudiation,confidentiality,minor
1941,camera,repudiation,integrity,minor
1942,ota_module,repudiation,integrity,minor
1943,v2x_module,repudiation,confidentiality,minor
1944,ota_module,repudiation,availability,minor
1945,v2x_module,repudiation,integrity,minor
1946,tire_pressure,repudiation,integrity,minor
1947,lidar,repudiation,confidentiality,inconsequential
1948,ota_module,repudiation,integrity,minor
1949,ota_module,repudiation,availability,minor
1950,lidar,repudiation,confidentiality,minor
1951,ota_module,repudiation,integrity,minor
1952,lidar,repudiation,confidentiality,minor
1953,camera,repudiation,integrity,inconsequential
1954,lidar,repudiation,availability,minor
1955,gps,repudiation,confidentiality,minor
1956,camera,repudiation,confidentiality,minor
1957,ecu,repudiation,confidentiality,minor
1958,camera,repudiation,integrity,minor
1959,tire_pressure,repudiation,confidentiality,minor
1960,camera,repudiation,confidentiality,minor
1961,ota_module,repudiation,availability,minor
1962,ecu,repudiation,integrity,minor
1963,camera,repudiation,confidentiality,minor
1964,ota_module,repudiation,confidentiality,minor
1965,can_bus,repudiation,confidentiality,minor
1966,tire_pressure,repudiation,integrity,minor
1967,lidar,repudiation,integrity,minor
1968,gps,repudiation,availability,moderate
1969,can_bus,repudiation,confidentiality,minor
1970,can_bus,repudiation,integrity,minor
1971,tire_pressure,repudiation,integrity,minor
1972,gps,repudiation,confidentiality,minor
1973,camera,repudiation,integrity,minor
1974,ecu,repudiation,confidentiality,minor
1975,can_bus,repudiation,integrity,minor
1976,ota_module,repudiation,confidentiality,minor
1977,lidar,repudiation,availability,minor
1978,v2x_module,repudiation,integrity,minor
1979,ota_module,repudiation,integrity,minor
1980,camera,repudiation,confidentiality,minor
1981,gps,repudiation,integrity,minor
1982,ecu,repudiation,availability,minor
1983,tire_pressure,repudiation,confidentiality,minor
1984,can_bus,repudiation,integrity,minor
1985,tire_pressure,repudiation,integrity,minor
1986,ota_module,repudiation,availability,minor
1987,can_bus,repudiation,confidentiality,minor
1988,tire_pressure,repudiation,confidentiality,minor
1989,v2x_module,repudiation,confidentiality,minor
1990,ota_module,repudiation,integrity,minor
1991,camera,repudiation,integrity,minor
1992,gps,repudiation,confidentiality,minor
1993,tire_pressure,repudiation,integrity,minor
1994,v2x_module,repudiation,integrity,minor
1995,can_bus,repudiation,integrity,minor
1996,v2x_module,repudiation,confidentiality,minor
1997,lidar,repudiation,integrity,minor
1998,lidar,repudiation,availability,minor
1999,ota_module,repudiation,availability,minor
2000,gps,repudiation,integrity,inconsequential
2001,tire_pressure,repudiation,confidentiality,minor
2002,v2x_module,repudiation,confidentiality,minor
2003,ota_module,repudiation,availability,minor
2004,gps,repudiation,availability,minor
2005,v2x_module,repudiation,confidentiality,minor
2006,camera,repudiation,confidentiality,minor
2007,gps,repudiation,integrity,minor
2008,camera,repudiation,integrity,minor
2009,tire_pressure,repudiation,confidentiality,minor
2010,camera,repudiation,availability,minor
2011,tire_pressure,repudiation,confidentiality,minor
2012,camera,repudiation,confidentiality,minor
2013,can_bus,repudiation,availability,minor
2014,camera,repudiation,confidentiality,minor
2015,gps,repudiation,integrity,minor
2016,can_bus,repudiation,confidentiality,minor
2017,v2x_module,repudiation,integrity,minor
2018,can_bus,repudiation,confidentiality,minor
2019,v2x_module,repudiation,availability,minor
2020,camera,repudiation,confidentiality,minor
2021,tire_pressure,repudiation,confidentiality,minor
2022,ota_module,repudiation,availability,minor
2023,lidar,repudiation,availability,minor
2024,v2x_module,repudiation,availability,moderate
2025,tire_pressure,repudiation,availability,minor
2026,lidar,repudiation,integrity,minor
2027,camera,repudiation,confidentiality,minor
2028,can_bus,repudiation,confidentiality,minor
2029,can_bus,repudiation,integrity,moderate
2030,tire_pressure,repudiation,availability,minor
2031,camera,repudiation,confidentiality,minor
2032,ota_module,repudiation,confidentiality,minor
2033,tire_pressure,repudiation,confidentiality,inconsequential
2034,gps,repudiation,confidentiality,inconsequential
2035,can_bus,repudiation,confidentiality,minor
2036,can_bus,repudiation,availability,minor
2037,lidar,repudiation,integrity,minor
2038,gps,repudiation,availability,minor
2039,gps,repudiation,confidentiality,minor
2040,lidar,repudiation,integrity,minor
2041,tire_pressure,repudiation,confidentiality,minor
2042,lidar,repudiation,integrity,minor
2043,gps,repudiation,availability,minor
2044,gps,repudiation,confidentiality,minor
2045,lidar,repudiation,confidentiality,minor
2046,camera,repudiation,confidentiality,minor
2047,lidar,repudiation,integrity,minor
2048,ecu,repudiation,confidentiality,minor
2049,lidar,repudiation,confidentiality,minor
2050,ota_module,repudiation,integrity,inconsequential
2051,ecu,repudiation,integrity,minor
2052,ota_module,repudiation,confidentiality,minor
2053,lidar,repudiation,confidentiality,minor
2054,v2x_module,repudiation,integrity,minor
2055,tire_pressure,repudiation,availability,minor
2056,gps,repudiation,confidentiality,inconsequential
2057,can_bus,repudiation,confidentiality,minor
2058,lidar,repudiation,integrity,minor
2059,can_bus,repudiation,confidentiality,minor
2060,ecu,repudiation,integrity,minor
2061,camera,repudiation,confidentiality,minor
2062,can_bus,repudiation,availability,minor
2063,camera,repudiation,availability,minor
2064,v2x_module,repudiation,confidentiality,minor
2065,gps,repudiation,availability,moderate
2066,v2x_module,repudiation,availability,minor
2067,ota_module,repudiation,integrity,minor
2068,ota_module,repudiation,integrity,inconsequential
2069,ota_module,repudiation,confidentiality,minor
2070,tire_pressure,repudiation,availability,inconsequential
2071,lidar,repudiation,confidentiality,minor
2072,ecu,repudiation,confidentiality,minor
2073,gps,repudiation,confidentiality,minor
2074,v2x_module,repudiation,integrity,minor
2075,v2x_module,repudiation,confidentiality,minor
2076,can_bus,repudiation,integrity,minor
2077,can_bus,repudiation,integrity,minor
2078,tire_pressure,repudiation,integrity,minor
2079,v2x_module,repudiation,availability,minor
2080,lidar,repudiation,integrity,minor
2081,can_bus,repudiation,confidentiality,minor
2082,ota_module,repudiation,integrity,inconsequential
2083,tire_pressure,repudiation,confidentiality,inconsequential
2084,ecu,repudiation,integrity,inconsequential
2085,gps,repudiation,availability,minor
2086,ota_module,repudiation,confidentiality,minor
2087,ecu,repudiation,confidentiality,minor
2088,v2x_module,repudiation,confidentiality,minor
2089,camera,repudiation,integrity,minor
2090,v2x_module,repudiation,confidentiality,minor
2091,ecu,repudiation,integrity,minor
2092,tire_pressure,repudiation,confidentiality,inconsequential
2093,v2x_module,repudiation,availability,minor
2094,gps,repudiation,confidentiality,minor
2095,can_bus,repudiation,integrity,minor
2096,ota_module,repudiation,confidentiality,minor
2097,lidar,repudiation,confidentiality,minor
2098,v2x_module,repudiation,confidentiality,inconsequential
2099,gps,repudiation,confidentiality,minor
2100,can_bus,repudiation,integrity,minor
2101,lidar,repudiation,availability,minor
2102,ota_module,repudiation,integrity,minor
2103,ecu,repudiation,integrity,minor
2104,ota_module,repudiation,integrity,minor
2105,ecu,repudiation,integrity,minor
2106,ecu,repudiation,availability,minor
2107,lidar,repudiation,integrity,minor
2108,tire_pressure,repudiation,confidentiality,minor
2109,ecu,repudiation,integrity,moderate
2110,lidar,repudiation,confidentiality,minor
2111,camera,repudiation,integrity,minor
2112,tire_pressure,repudiation,availability,minor
2113,gps,repudiation,confidentiality,minor
2114,ecu,repudiation,confidentiality,minor
2115,v2x_module,repudiation,integrity,minor
2116,v2x_module,repudiation,confidentiality,minor
2117,can_bus,repudiation,confidentiality,inconsequential
2118,ota_module,repudiation,integrity,minor
2119,camera,repudiation,confidentiality,minor
2120,gps,repudiation,availability,minor
2121,camera,repudiation,confidentiality,minor
2122,v2x_module,repudiation,confidentiality,minor
2123,lidar,repudiation,integrity,minor
2124,lidar,repudiation,integrity,minor
2125,lidar,repudiation,confidentiality,minor
2126,lidar,repudiation,confidentiality,minor
2127,ota_module,repudiation,availability,minor
2128,v2x_module,repudiation,confidentiality,minor
2129,can_bus,repudiation,confidentiality,minor
2130,ecu,repudiation,confidentiality,minor
2131,tire_pressure,repudiation,confidentiality,minor
2132,ota_module,repudiation,availability,minor
2133,gps,repudiation,integrity,inconsequential
2134,v2x_module,repudiation,availability,inconsequential
2135,lidar,repudiation,integrity,minor
2136,lidar,repudiation,integrity,minor
2137,gps,repudiation,integrity,inconsequential
2138,lidar,repudiation,confidentiality,minor
2139,ecu,repudiation,confidentiality,minor
2140,can_bus,repudiation,confidentiality,minor
2141,ecu,repudiation,confidentiality,minor
2142,camera,repudiation,availability,minor
2143,can_bus,repudiation,confidentiality,minor
2144,ota_module,repudiation,confidentiality,minor
2145,camera,repudiation,integrity,minor
2146,v2x_module,repudiation,availability,minor
2147,lidar,repudiation,confidentiality,minor
2148,camera,repudiation,availability,minor
2149,ota_module,repudiation,integrity,minor
2150,gps,repudiation,integrity,minor
2151,ota_module,repudiation,integrity,minor
2152,v2x_module,repudiation,confidentiality,minor
2153,v2x_module,repudiation,confidentiality,moderate
2154,camera,repudiation,confidentiality,minor
2155,tire_pressure,repudiation,confidentiality,minor
2156,camera,repudiation,confidentiality,minor
2157,ecu,repudiation,integrity,minor
2158,ota_module,repudiation,confidentiality,moderate
2159,tire_pressure,repudiation,integrity,minor
2160,ota_module,repudiation,integrity,minor
2161,can_bus,repudiation,confidentiality,minor
2162,tire_pressure,repudiation,confidentiality,minor
2163,lidar,repudiation,availability,minor
2164,ota_module,repudiation,availability,inconsequential
2165,ota_module,repudiation,confidentiality,minor
2166,tire_pressure,repudiation,integrity,minor
2167,camera,repudiation,confidentiality,minor
2168,gps,repudiation,availability,minor
2169,ecu,repudiation,confidentiality,inconsequential
2170,can_bus,repudiation,confidentiality,minor
2171,lidar,repudiation,integrity,minor
2172,v2x_module,repudiation,confidentiality,minor
2173,tire_pressure,repudiation,confidentiality,minor
2174,v2x_module,repudiation,integrity,minor
2175,gps,repudiation,integrity,minor
2176,can_bus,repudiation,availability,minor
2177,ecu,repudiation,integrity,minor
2178,lidar,repudiation,availability,minor
2179,lidar,repudiation,confidentiality,minor
2180,ecu,repudiation,integrity,minor
2181,v2x_module,repudiation,confidentiality,inconsequential
2182,can_bus,repudiation,confidentiality,minor
2183,ecu,repudiation,availability,minor
2184,ecu,repudiation,integrity,minor
2185,camera,repudiation,integrity,minor
2186,can_bus,repudiation,confidentiality,minor
2187,gps,repudiation,confidentiality,minor
2188,ecu,repudiation,confidentiality,moderate
2189,ota_module,repudiation,integrity,moderate
2190,tire_pressure,repudiation,confidentiality,minor
2191,lidar,repudiation,confidentiality,minor
2192,can_bus,repudiation,availability,minor
2193,camera,repudiation,confidentiality,minor
2194,ota_module,repudiation,availability,minor
2195,ota_module,repudiation,integrity,inconsequential
2196,gps,repudiation,availability,minor
2197,ecu,repudiation,availability,minor
2198,ecu,repudiation,confidentiality,minor
2199,ota_module,repudiation,confidentiality,minor
2200,lidar,repudiation,availability,minor
2201,can_bus,repudiation,availability,minor
2202,v2x_module,repudiation,confidentiality,minor
2203,ecu,repudiation,integrity,minor
2204,ecu,repudiation,confidentiality,minor
2205,ecu,repudiation,confidentiality,inconsequential
2206,camera,repudiation,integrity,minor
2207,camera,repudiation,integrity,minor
2208,v2x_module,repudiation,integrity,minor
2209,v2x_module,repudiation,confidentiality,minor
2210,lidar,repudiation,confidentiality,minor
2211,ota_module,repudiation,integrity,minor
2212,gps,repudiation,confidentiality,minor
2213,can_bus,repudiation,integrity,minor
2214,v2x_module,repudiation,integrity,minor
2215,camera,repudiation,integrity,minor
2216,can_bus,repudiation,integrity,minor
2217,tire_pressure,repudiation,confidentiality,minor
2218,v2x_module,repudiation,confidentiality,minor
2219,tire_pressure,repudiation,integrity,inconsequential
2220,gps,repudiation,integrity,inconsequential
2221,ecu,repudiation,availability,minor
2222,tire_pressure,repudiation,availability,minor
2223,ecu,repudiation,availability,minor
2224,ota_module,repudiation,integrity,minor
2225,lidar,repudiation,confidentiality,minor
2226,gps,repudiation,availability,minor
2227,ota_module,repudiation,availability,minor
2228,lidar,repudiation,confidentiality,moderate
2229,can_bus,repudiation,integrity,minor
2230,tire_pressure,repudiation,availability,minor
2231,tire_pressure,repudiation,confidentiality,minor
2232,ota_module,repudiation,availability,minor
2233,ota_module,repudiation,confidentiality,minor
2234,gps,repudiation,confidentiality,minor
2235,camera,repudiation,confidentiality,minor
2236,can_bus,repudiation,confidentiality,minor
2237,v2x_module,repudiation,availability,minor
2238,can_bus,repudiation,confidentiality,minor
2239,ecu,repudiation,integrity,minor
2240,lidar,repudiation,confidentiality,minor
2241,camera,repudiation,availability,moderate
2242,ecu,repudiation,integrity,minor
2243,v2x_module,repudiation,confidentiality,minor
2244,v2x_module,repudiation,confidentiality,minor
2245,v2x_module,repudiation,confidentiality,minor
2246,lidar,repudiation,integrity,minor
2247,camera,repudiation,confidentiality,minor
2248,ota_module,repudiation,confidentiality,minor
2249,gps,repudiation,confidentiality,minor
2250,camera,repudiation,confidentiality,minor
2251,lidar,repudiation,availability,inconsequential
2252,ecu,repudiation,availability,minor
2253,gps,repudiation,confidentiality,minor
2254,ecu,repudiation,confidentiality,minor
2255,gps,repudiation,integrity,minor
2256,ecu,repudiation,availability,minor
2257,tire_pressure,repudiation,confidentiality,minor
2258,camera,repudiation,integrity,minor
2259,tire_pressure,repudiation,availability,moderate
2260,v2x_module,repudiation,confidentiality,minor
2261,lidar,repudiation,confidentiality,minor
2262,ota_module,repudiation,integrity,inconsequential
2263,camera,repudiation,confidentiality,minor
2264,v2x_module,repudiation,confidentiality,minor
2265,gps,repudiation,confidentiality,minor
2266,ota_module,repudiation,confidentiality,minor
2267,ota_module,repudiation,confidentiality,minor
2268,can_bus,repudiation,integrity,minor
2269,lidar,repudiation,integrity,minor
2270,camera,repudiation,confidentiality,minor
2271,camera,repudiation,integrity,minor
2272,can_bus,repudiation,confidentiality,minor
2273,ota_module,repudiation,availability,minor
2274,camera,repudiation,confidentiality,minor
2275,v2x_module,repudiation,confidentiality,minor
2276,lidar,repudiation,availability,minor
2277,lidar,repudiation,availability,minor
2278,v2x_module,repudiation,availability,minor
2279,lidar,repudiation,integrity,minor
2280,ota_module,repudiation,integrity,minor
2281,ecu,repudiation,integrity,minor
2282,ecu,repudiation,confidentiality,minor
2283,ota_module,repudiation,integrity,minor
2284,ecu,repudiation,integrity,minor
2285,tire_pressure,repudiation,confidentiality,inconsequential
2286,ecu,repudiation,integrity,minor
2287,v2x_module,repudiation,integrity,moderate
2288,camera,repudiation,confidentiality,minor
2289,ota_module,repudiation,confidentiality,inconsequential
2290,tire_pressure,repudiation,confidentiality,minor
2291,v2x_module,repudiation,integrity,minor
2292,tire_pressure,repudiation,confidentiality,minor
2293,gps,repudiation,availability,minor
2294,can_bus,repudiation,confidentiality,minor
2295,ecu,repudiation,confidentiality,minor
2296,v2x_module,repudiation,confidentiality,minor
2297,lidar,repudiation,integrity,minor
2298,v2x_module,repudiation,confidentiality,minor
2299,gps,repudiation,availability,minor
2300,ecu,repudiation,confidentiality,minor
2301,lidar,repudiation,confidentiality,minor
2302,v2x_module,repudiation,confidentiality,minor
2303,lidar,repudiation,integrity,minor
2304,lidar,repudiation,confidentiality,moderate
2305,v2x_module,repudiation,integrity,minor
2306,camera,repudiation,confidentiality,minor
2307,camera,repudiation,integrity,minor
2308,camera,repudiation,integrity,minor
2309,ecu,repudiation,integrity,minor
2310,ota_module,repudiation,confidentiality,minor
2311,camera,repudiation,integrity,minor
2312,gps,repudiation,availability,inconsequential
2313,gps,repudiation,confidentiality,minor
2314,camera,repudiation,confidentiality,minor
2315,ota_module,repudiation,integrity,minor
2316,tire_pressure,repudiation,confidentiality,minor
2317,gps,repudiation,availability,moderate
2318,ota_module,repudiation,integrity,minor
2319,ota_module,repudiation,integrity,minor
2320,can_bus,repudiation,confidentiality,minor
2321,ecu,repudiation,availability,minor
2322,gps,repudiation,confidentiality,minor
2323,tire_pressure,repudiation,availability,minor
2324,lidar,repudiation,integrity,minor
2325,ota_module,repudiation,integrity,minor
2326,v2x_module,repudiation,availability,minor
2327,camera,repudiation,confidentiality,minor
2328,camera,repudiation,confidentiality,minor
2329,tire_pressure,repudiation,integrity,inconsequential
2330,gps,repudiation,integrity,minor
2331,ecu,repudiation,integrity,minor
2332,camera,repudiation,availability,minor
2333,camera,repudiation,integrity,minor
2334,ecu,repudiation,integrity,minor
2335,ecu,repudiation,confidentiality,minor
2336,ota_module,repudiation,confidentiality,minor
2337,lidar,repudiation,confidentiality,minor
2338,tire_pressure,repudiation,integrity,minor
2339,camera,repudiation,confidentiality,minor
2340,camera,repudiation,confidentiality,minor
2341,lidar,repudiation,integrity,minor
2342,tire_pressure,repudiation,integrity,inconsequential
2343,tire_pressure,repudiation,integrity,minor
2344,camera,repudiation,confidentiality,minor
2345,gps,repudiation,availability,minor
2346,gps,repudiation,availability,minor
2347,ota_module,repudiation,availability,moderate
2348,tire_pressure,repudiation,confidentiality,minor
2349,ecu,repudiation,availability,minor
2350,v2x_module,repudiation,availability,minor
2351,can_bus,repudiation,availability,minor
2352,camera,repudiation,integrity,moderate
2353,can_bus,repudiation,integrity,minor
2354,camera,repudiation,confidentiality,minor
2355,can_bus,repudiation,confidentiality,minor
2356,gps,repudiation,confidentiality,minor
2357,lidar,repudiation,confidentiality,minor
2358,ecu,repudiation,confidentiality,minor
2359,v2x_module,repudiation,integrity,minor
2360,can_bus,repudiation,availability,minor
2361,tire_pressure,repudiation,confidentiality,minor
2362,v2x_module,repudiation,confidentiality,minor
2363,tire_pressure,repudiation,confidentiality,minor
2364,v2x_module,repudiation,integrity,minor
2365,gps,repudiation,confidentiality,minor
2366,gps,repudiation,confidentiality,inconsequential
2367,v2x_module,repudiation,availability,minor
2368,camera,repudiation,confidentiality,minor
2369,ota_module,repudiation,confidentiality,minor
2370,tire_pressure,repudiation,integrity,minor
2371,ota_module,repudiation,confidentiality,minor
2372,ecu,repudiation,integrity,minor
2373,v2x_module,repudiation,integrity,minor
2374,can_bus,repudiation,confidentiality,minor
2375,ota_module,repudiation,confidentiality,minor
2376,gps,repudiation,availability,minor
2377,can_bus,repudiation,integrity,minor
2378,gps,repudiation,integrity,minor
2379,gps,repudiation,integrity,minor
2380,v2x_module,repudiation,confidentiality,minor
2381,ecu,repudiation,availability,minor
2382,ota_module,repudiation,integrity,minor
2383,ota_module,repudiation,confidentiality,moderate
2384,tire_pressure,repudiation,confidentiality,minor
2385,ecu,repudiation,confidentiality,minor
2386,ota_module,repudiation,confidentiality,minor
2387,ota_module,repudiation,integrity,minor
2388,gps,repudiation,integrity,minor
2389,v2x_module,repudiation,confidentiality,minor
2390,ecu,repudiation,confidentiality,minor
2391,camera,repudiation,integrity,moderate
2392,v2x_module,repudiation,availability,minor
2393,can_bus,repudiation,confidentiality,minor
2394,v2x_module,repudiation,confidentiality,minor
2395,ota_module,repudiation,availability,minor
2396,v2x_module,repudiation,confidentiality,minor
2397,tire_pressure,repudiation,confidentiality,minor
2398,lidar,repudiation,availability,minor
2399,gps,repudiation,confidentiality,moderate
2400,v2x_module,repudiation,confidentiality,minor
2401,camera,repudiation,integrity,moderate
2402,ecu,repudiation,integrity,minor
2403,lidar,repudiation,availability,minor
2404,ecu,repudiation,integrity,minor
2405,can_bus,repudiation,availability,minor
2406,ota_module,repudiation,confidentiality,minor
2407,can_bus,repudiation,confidentiality,minor
2408,ecu,repudiation,integrity,minor
2409,tire_pressure,repudiation,confidentiality,inconsequential
2410,ecu,repudiation,integrity,inconsequential
2411,ecu,repudiation,confidentiality,minor
2412,v2x_module,repudiation,confidentiality,minor
2413,v2x_module,repudiation,confidentiality,minor
2414,ecu,repudiation,availability,minor
2415,v2x_module,repudiation,confidentiality,minor
2416,lidar,repudiation,confidentiality,minor
2417,camera,repudiation,confidentiality,minor
2418,gps,repudiation,confidentiality,minor
2419,camera,repudiation,integrity,minor
2420,gps,repudiation,availability,inconsequential
2421,v2x_module,repudiation,integrity,minor
2422,gps,repudiation,integrity,minor
2423,v2x_module,repudiation,integrity,minor
2424,ota_module,repudiation,confidentiality,moderate
2425,ecu,repudiation,availability,minor
2426,camera,repudiation,confidentiality,inconsequential
2427,can_bus,repudiation,integrity,minor
2428,ota_module,repudiation,confidentiality,minor
2429,camera,repudiation,availability,minor
2430,camera,repudiation,availability,minor
2431,lidar,repudiation,availability,minor
2432,tire_pressure,repudiation,confidentiality,minor
2433,gps,repudiation,integrity,minor
2434,ota_module,repudiation,integrity,minor
2435,gps,repudiation,integrity,minor
2436,v2x_module,repudiation,availability,minor
2437,v2x_module,repudiation,confidentiality,minor
2438,can_bus,repudiation,availability,minor
2439,can_bus,repudiation,integrity,minor
2440,camera,repudiation,integrity,minor
2441,ecu,repudiation,confidentiality,minor
2442,lidar,repudiation,confidentiality,minor
2443,ota_module,repudiation,confidentiality,minor
2444,v2x_module,repudiation,integrity,minor
2445,gps,repudiation,availability,minor
2446,ota_module,repudiation,availability,minor
2447,v2x_module,repudiation,availability,minor
2448,can_bus,repudiation,integrity,minor
2449,tire_pressure,repudiation,confidentiality,minor
2450,lidar,repudiation,confidentiality,minor
2451,lidar,repudiation,integrity,minor
2452,gps,repudiation,integrity,minor
2453,v2x_module,repudiation,confidentiality,minor
2454,v2x_module,repudiation,confidentiality,minor
2455,v2x_module,repudiation,integrity,inconsequential
2456,lidar,repudiation,confidentiality,minor
2457,camera,repudiation,integrity,minor
2458,v2x_module,repudiation,confidentiality,minor
2459,ecu,repudiation,confidentiality,minor
2460,ecu,repudiation,integrity,minor
2461,gps,repudiation,confidentiality,minor
2462,v2x_module,repudiation,confidentiality,minor
2463,ota_module,repudiation,confidentiality,minor
2464,can_bus,repudiation,integrity,minor
2465,camera,repudiation,confidentiality,moderate
2466,ota_module,repudiation,availability,minor
2467,tire_pressure,repudiation,integrity,minor
2468,can_bus,repudiation,confidentiality,minor
2469,gps,repudiation,integrity,minor
2470,tire_pressure,repudiation,integrity,minor
2471,v2x_module,repudiation,confidentiality,minor
2472,lidar,repudiation,confidentiality,minor
2473,tire_pressure,repudiation,confidentiality,minor
2474,v2x_module,repudiation,confidentiality,minor
2475,tire_pressure,repudiation,confidentiality,minor
2476,camera,repudiation,confidentiality,minor
2477,gps,repudiation,confidentiality,moderate
2478,gps,repudiation,confidentiality,minor
2479,lidar,repudiation,confidentiality,minor
2480,ecu,repudiation,integrity,minor
2481,can_bus,repudiation,confidentiality,minor
2482,ota_module,repudiation,availability,minor
2483,can_bus,repudiation,availability,inconsequential
2484,gps,repudiation,availability,minor
2485,lidar,repudiation,availability,minor
2486,v2x_module,repudiation,availability,minor
2487,v2x_module,repudiation,integrity,minor
2488,gps,repudiation,confidentiality,minor
2489,tire_pressure,repudiation,confidentiality,minor
2490,camera,repudiation,confidentiality,minor
2491,ota_module,repudiation,integrity,minor
2492,lidar,repudiation,confidentiality,minor
2493,v2x_module,repudiation,confidentiality,minor
2494,camera,repudiation,availability,minor
2495,tire_pressure,repudiation,integrity,minor
2496,can_bus,repudiation,confidentiality,minor
2497,gps,repudiation,confidentiality,minor
2498,camera,repudiation,confidentiality,moderate
2499,v2x_module,repudiation,integrity,minor
2500,ota_module,repudiation,confidentiality,minor
2501,gps,repudiation,confidentiality,minor
2502,tire_pressure,repudiation,availability,minor
2503,gps,repudiation,integrity,inconsequential
2504,gps,repudiation,confidentiality,minor
2505,tire_pressure,repudiation,availability,minor
2506,ecu,repudiation,integrity,moderate
2507,ota_module,repudiation,confidentiality,minor
2508,lidar,repudiation,confidentiality,minor
2509,camera,repudiation,confidentiality,minor
2510,gps,repudiation,confidentiality,minor
2511,ota_module,repudiation,confidentiality,minor
2512,camera,repudiation,integrity,minor
2513,can_bus,repudiation,confidentiality,minor
2514,v2x_module,repudiation,availability,minor
2515,lidar,repudiation,integrity,minor
2516,camera,repudiation,confidentiality,moderate
2517,can_bus,repudiation,availability,minor
2518,ecu,repudiation,confidentiality,minor
2519,camera,repudiation,confidentiality,minor
2520,gps,repudiation,confidentiality,minor
2521,gps,repudiation,integrity,minor
2522,ota_module,repudiation,confidentiality,minor
2523,ota_module,repudiation,confidentiality,minor
2524,ecu,repudiation,integrity,minor
2525,lidar,repudiation,confidentiality,minor
2526,camera,repudiation,confidentiality,minor
2527,lidar,repudiation,integrity,minor
2528,tire_pressure,repudiation,availability,minor
2529,lidar,repudiation,availability,minor
2530,camera,repudiation,integrity,minor
2531,ota_module,repudiation,availability,minor
2532,lidar,repudiation,availability,minor
2533,v2x_module,repudiation,integrity,minor
2534,camera,repudiation,confidentiality,minor
2535,lidar,repudiation,confidentiality,minor
2536,lidar,repudiation,confidentiality,minor
2537,ecu,repudiation,confidentiality,minor
2538,ecu,repudiation,confidentiality,minor
2539,v2x_module,repudiation,confidentiality,minor
2540,ota_module,repudiation,confidentiality,minor
2541,can_bus,repudiation,integrity,minor
2542,ota_module,repudiation,availability,minor
2543,ecu,repudiation,confidentiality,moderate
2544,ecu,repudiation,confidentiality,minor
2545,lidar,repudiation,confidentiality,minor
2546,v2x_module,repudiation,availability,minor
2547,can_bus,repudiation,integrity,minor
2548,ota_module,repudiation,availability,minor
2549,camera,repudiation,confidentiality,minor
2550,ota_module,repudiation,integrity,minor
2551,camera,repudiation,confidentiality,minor
2552,can_bus,repudiation,integrity,minor
2553,gps,repudiation,integrity,minor
2554,camera,repudiation,availability,minor
2555,can_bus,repudiation,confidentiality,minor
2556,v2x_module,repudiation,confidentiality,minor
2557,v2x_module,repudiation,confidentiality,minor
2558,v2x_module,repudiation,integrity,minor
2559,v2x_module,repudiation,availability,minor
2560,ota_module,repudiation,integrity,minor
2561,lidar,repudiation,integrity,minor
2562,v2x_module,repudiation,integrity,minor
2563,lidar,repudiation,integrity,minor
2564,can_bus,repudiation,confidentiality,inconsequential
2565,v2x_module,repudiation,integrity,minor
2566,v2x_module,repudiation,integrity,moderate
2567,v2x_module,repudiation,confidentiality,inconsequential
2568,tire_pressure,repudiation,integrity,moderate
2569,v2x_module,repudiation,confidentiality,minor
2570,ota_module,repudiation,integrity,minor
2571,gps,repudiation,confidentiality,minor
2572,ota_module,repudiation,availability,minor
2573,tire_pressure,repudiation,confidentiality,minor
2574,gps,repudiation,availability,minor
2575,ota_module,repudiation,confidentiality,minor
2576,v2x_module,repudiation,availability,minor
2577,tire_pressure,repudiation,confidentiality,minor
2578,ota_module,repudiation,confidentiality,minor
2579,camera,repudiation,integrity,minor
2580,lidar,repudiation,confidentiality,minor
2581,ota_module,repudiation,availability,minor
2582,ota_module,repudiation,availability,minor
2583,gps,repudiation,confidentiality,minor
2584,camera,repudiation,confidentiality,minor
2585,ecu,repudiation,availability,minor
2586,gps,repudiation,availability,minor
2587,ota_module,repudiation,integrity,minor
2588,ota_module,repudiation,integrity,minor
2589,ota_module,repudiation,integrity,minor
2590,tire_pressure,repudiation,confidentiality,minor
2591,v2x_module,repudiation,integrity,minor
2592,ota_module,repudiation,availability,minor
2593,lidar,repudiation,availability,minor
2594,ota_module,repudiation,integrity,minor
2595,lidar,repudiation,integrity,minor
2596,ota_module,repudiation,confidentiality,minor
2597,v2x_module,repudiation,confidentiality,minor
2598,ota_module,repudiation,confidentiality,minor
2599,ecu,repudiation,integrity,moderate
2600,gps,repudiation,integrity,minor
2601,ota_module,repudiation,confidentiality,minor
2602,ota_module,repudiation,integrity,minor
2603,camera,repudiation,integrity,minor
2604,v2x_module,repudiation,integrity,minor
2605,gps,repudiation,confidentiality,inconsequential
2606,tire_pressure,repudiation,integrity,minor
2607,ota_module,repudiation,availability,minor
2608,lidar,repudiation,confidentiality,minor
2609,gps,repudiation,integrity,minor
2610,camera,repudiation,availability,minor
2611,tire_pressure,repudiation,availability,inconsequential
2612,lidar,repudiation,confidentiality,inconsequential
2613,ota_module,repudiation,integrity,inconsequential
2614,lidar,repudiation,integrity,minor
2615,ecu,repudiation,integrity,minor
2616,can_bus,repudiation,integrity,minor
2617,v2x_module,repudiation,confidentiality,minor
2618,gps,repudiation,confidentiality,minor
2619,can_bus,repudiation,integrity,minor
2620,tire_pressure,repudiation,integrity,inconsequential
2621,gps,repudiation,confidentiality,minor
2622,can_bus,repudiation,integrity,minor
2623,ota_module,repudiation,integrity,minor
2624,can_bus,repudiation,confidentiality,minor
2625,camera,repudiation,availability,minor
2626,ota_module,repudiation,confidentiality,minor
2627,ota_module,repudiation,integrity,inconsequential
2628,can_bus,repudiation,integrity,inconsequential
2629,v2x_module,repudiation,availability,minor
2630,v2x_module,repudiation,availability,minor
2631,camera,repudiation,confidentiality,minor
2632,v2x_module,repudiation,confidentiality,minor
2633,ota_module,repudiation,availability,inconsequential
2634,can_bus,repudiation,integrity,minor
2635,lidar,repudiation,confidentiality,minor
2636,ecu,repudiation,integrity,minor
2637,camera,repudiation,confidentiality,inconsequential
2638,ota_module,repudiation,integrity,minor
2639,lidar,repudiation,availability,minor
2640,can_bus,repudiation,confidentiality,minor
2641,can_bus,repudiation,confidentiality,inconsequential
2642,lidar,repudiation,integrity,minor
2643,lidar,repudiation,confidentiality,minor
2644,tire_pressure,repudiation,confidentiality,minor
2645,ota_module,repudiation,integrity,minor
2646,lidar,repudiation,confidentiality,minor
2647,ota_module,repudiation,integrity,minor
2648,gps,repudiation,availability,minor
2649,lidar,repudiation,confidentiality,minor
2650,camera,repudiation,confidentiality,minor
2651,gps,repudiation,confidentiality,minor
2652,lidar,repudiation,integrity,minor
2653,ecu,repudiation,integrity,minor
2654,camera,repudiation,integrity,minor
2655,ota_module,repudiation,confidentiality,minor
2656,gps,repudiation,confidentiality,minor
2657,tire_pressure,repudiation,confidentiality,minor
2658,ota_module,repudiation,confidentiality,minor
2659,camera,repudiation,integrity,minor
2660,can_bus,repudiation,confidentiality,minor
2661,camera,repudiation,availability,minor
2662,tire_pressure,repudiation,confidentiality,minor
2663,tire_pressure,repudiation,availability,minor
2664,ota_module,repudiation,availability,minor
2665,tire_pressure,repudiation,confidentiality,minor
2666,ecu,repudiation,availability,minor
2667,v2x_module,repudiation,confidentiality,minor
2668,gps,repudiation,confidentiality,minor
2669,ota_module,repudiation,availability,minor
2670,ecu,repudiation,confidentiality,minor
2671,ota_module,repudiation,availability,minor
2672,ota_module,repudiation,confidentiality,minor
2673,v2x_module,repudiation,integrity,minor
2674,tire_pressure,repudiation,confidentiality,minor
2675,gps,repudiation,confidentiality,minor
2676,lidar,repudiation,integrity,minor
2677,v2x_module,repudiation,confidentiality,minor
2678,lidar,repudiation,integrity,minor
2679,camera,repudiation,integrity,minor
2680,can_bus,repudiation,confidentiality,inconsequential
2681,camera,repudiation,confidentiality,minor
2682,gps,repudiation,integrity,minor
2683,camera,repudiation,confidentiality,minor
2684,lidar,repudiation,availability,minor
2685,gps,repudiation,confidentiality,minor
2686,gps,repudiation,availability,minor
2687,lidar,repudiation,availability,minor
2688,ota_module,repudiation,confidentiality,minor
2689,lidar,repudiation,integrity,moderate
2690,gps,repudiation,confidentiality,minor
2691,can_bus,repudiation,confidentiality,minor
2692,ecu,repudiation,availability,minor
2693,can_bus,repudiation,confidentiality,minor
2694,camera,repudiation,confidentiality,minor
2695,ota_module,repudiation,confidentiality,minor
2696,can_bus,repudiation,availability,minor
2697,ota_module,repudiation,integrity,minor
2698,camera,repudiation,integrity,minor
2699,lidar,repudiation,confidentiality,minor
2700,ecu,repudiation,availability,minor
2701,ecu,information_disclosure,availability,moderate
2702,can_bus,information_disclosure,confidentiality,moderate
2703,ota_module,information_disclosure,confidentiality,moderate
2704,camera,information_disclosure,confidentiality,moderate
2705,camera,information_disclosure,confidentiality,moderate
2706,ecu,information_disclosure,confidentiality,moderate
2707,v2x_module,information_disclosure,confidentiality,moderate
2708,gps,information_disclosure,integrity,moderate
2709,tire_pressure,information_disclosure,confidentiality,moderate
2710,ecu,information_disclosure,confidentiality,moderate
2711,ota_module,information_disclosure,confidentiality,moderate
2712,ota_module,information_disclosure,confidentiality,moderate
2713,ecu,information_disclosure,confidentiality,minor
2714,tire_pressure,information_disclosure,confidentiality,moderate
2715,ota_module,information_disclosure,confidentiality,moderate
2716,gps,information_disclosure,confidentiality,moderate
2717,ota_module,information_disclosure,confidentiality,moderate
2718,ecu,information_disclosure,confidentiality,moderate
2719,v2x_module,information_disclosure,confidentiality,major
2720,can_bus,information_disclosure,confidentiality,moderate
2721,v2x_module,information_disclosure,confidentiality,moderate
2722,can_bus,information_disclosure,availability,inconsequential
2723,tire_pressure,information_disclosure,confidentiality,major
2724,tire_pressure,information_disclosure,availability,moderate
2725,ecu,information_disclosure,availability,moderate
2726,tire_pressure,information_disclosure,confidentiality,moderate
2727,tire_pressure,information_disclosure,confidentiality,moderate
2728,ota_module,information_disclosure,confidentiality,major
2729,can_bus,information_disclosure,confidentiality,moderate
2730,gps,information_disclosure,confidentiality,minor
2731,camera,information_disclosure,integrity,moderate
2732,v2x_module,information_disclosure,confidentiality,moderate
2733,can_bus,information_disclosure,confidentiality,moderate
2734,v2x_module,information_disclosure,confidentiality,moderate
2735,v2x_module,information_disclosure,confidentiality,moderate
2736,tire_pressure,information_disclosure,confidentiality,moderate
2737,gps,information_disclosure,confidentiality,moderate
2738,can_bus,information_disclosure,confidentiality,moderate
2739,tire_pressure,information_disclosure,confidentiality,moderate
2740,ecu,information_disclosure,integrity,moderate
2741,tire_pressure,information_disclosure,confidentiality,moderate
2742,tire_pressure,information_disclosure,confidentiality,moderate
2743,ecu,information_disclosure,confidentiality,moderate
2744,can_bus,information_disclosure,confidentiality,moderate
2745,gps,information_disclosure,confidentiality,moderate
2746,gps,information_disclosure,availability,moderate
2747,ota_module,information_disclosure,integrity,moderate
2748,can_bus,information_disclosure,confidentiality,moderate
2749,camera,information_disclosure,confidentiality,moderate
2750,tire_pressure,information_disclosure,confidentiality,moderate
2751,ecu,information_disclosure,confidentiality,moderate
2752,can_bus,information_disclosure,confidentiality,moderate
2753,ecu,information_disclosure,confidentiality,moderate
2754,can_bus,information_disclosure,confidentiality,moderate
2755,can_bus,information_disclosure,confidentiality,moderate
2756,ota_module,information_disclosure,availability,moderate
2757,ecu,information_disclosure,confidentiality,moderate
2758,lidar,information_disclosure,confidentiality,moderate
2759,gps,information_disclosure,integrity,moderate
2760,tire_pressure,information_disclosure,confidentiality,moderate
2761,gps,information_disclosure,confidentiality,moderate
2762,ecu,information_disclosure,confidentiality,moderate
2763,v2x_module,information_disclosure,confidentiality,moderate
2764,lidar,information_disclosure,confidentiality,moderate
2765,ecu,information_disclosure,confidentiality,moderate
2766,gps,information_disclosure,confidentiality,moderate
2767,ota_module,information_disclosure,confidentiality,moderate
2768,lidar,information_disclosure,confidentiality,moderate
2769,gps,information_disclosure,confidentiality,moderate
2770,gps,information_disclosure,availability,moderate
2771,ecu,information_disclosure,confidentiality,moderate
2772,lidar,information_disclosure,integrity,moderate
2773,gps,information_disclosure,confidentiality,moderate
2774,gps,information_disclosure,confidentiality,moderate
2775,lidar,information_disclosure,availability,minor
2776,ota_module,information_disclosure,confidentiality,moderate
2777,v2x_module,information_disclosure,confidentiality,moderate
2778,lidar,information_disclosure,confidentiality,moderate
2779,tire_pressure,information_disclosure,integrity,moderate
2780,can_bus,information_disclosure,confidentiality,moderate
2781,lidar,information_disclosure,confidentiality,moderate
2782,lidar,information_disclosure,confidentiality,moderate
2783,ota_module,information_disclosure,confidentiality,moderate
2784,tire_pressure,information_disclosure,confidentiality,moderate
2785,ota_module,information_disclosure,confidentiality,moderate
2786,tire_pressure,information_disclosure,confidentiality,moderate
2787,tire_pressure,information_disclosure,confidentiality,moderate
2788,can_bus,information_disclosure,confidentiality,moderate
2789,lidar,information_disclosure,confidentiality,moderate
2790,camera,information_disclosure,confidentiality,moderate
2791,gps,information_disclosure,confidentiality,moderate
2792,gps,information_disclosure,confidentiality,moderate
2793,ecu,information_disclosure,confidentiality,moderate
2794,gps,information_disclosure,confidentiality,moderate
2795,camera,information_disclosure,confidentiality,moderate
2796,can_bus,information_disclosure,confidentiality,moderate
2797,ecu,information_disclosure,confidentiality,moderate
2798,can_bus,information_disclosure,confidentiality,moderate
2799,camera,information_disclosure,confidentiality,minor
2800,ecu,information_disclosure,confidentiality,moderate
2801,gps,information_disclosure,confidentiality,major
2802,can_bus,information_disclosure,confidentiality,moderate
2803,gps,information_disclosure,confidentiality,moderate
2804,tire_pressure,information_disclosure,confidentiality,moderate
2805,v2x_module,information_disclosure,confidentiality,moderate
2806,ota_module,information_disclosure,confidentiality,moderate
2807,can_bus,information_disclosure,confidentiality,moderate
2808,tire_pressure,information_disclosure,integrity,moderate
2809,lidar,information_disclosure,integrity,moderate
2810,tire_pressure,information_disclosure,confidentiality,moderate
2811,can_bus,information_disclosure,confidentiality,moderate
2812,tire_pressure,information_disclosure,confidentiality,moderate
2813,can_bus,information_disclosure,confidentiality,moderate
2814,can_bus,information_disclosure,confidentiality,moderate
2815,tire_pressure,information_disclosure,confidentiality,moderate
2816,gps,information_disclosure,confidentiality,moderate
2817,gps,information_disclosure,confidentiality,moderate
2818,tire_pressure,information_disclosure,confidentiality,major
2819,ota_module,information_disclosure,confidentiality,moderate
2820,tire_pressure,information_disclosure,confidentiality,moderate
2821,camera,information_disclosure,confidentiality,moderate
2822,can_bus,information_disclosure,confidentiality,moderate
2823,camera,information_disclosure,confidentiality,moderate
2824,lidar,information_disclosure,confidentiality,moderate
2825,tire_pressure,information_disclosure,confidentiality,moderate
2826,can_bus,information_disclosure,integrity,minor
2827,ota_module,information_disclosure,integrity,moderate
2828,can_bus,information_disclosure,confidentiality,minor
2829,ecu,information_disclosure,confidentiality,moderate
2830,tire_pressure,information_disclosure,integrity,moderate
2831,camera,information_disclosure,confidentiality,moderate
2832,can_bus,information_disclosure,integrity,moderate
2833,can_bus,information_disclosure,confidentiality,minor
2834,ota_module,information_disclosure,confidentiality,moderate
2835,ecu,information_disclosure,confidentiality,moderate
2836,tire_pressure,information_disclosure,confidentiality,moderate
2837,can_bus,information_disclosure,confidentiality,moderate
2838,tire_pressure,information_disclosure,availability,moderate
2839,camera,information_disclosure,confidentiality,moderate
2840,ecu,information_disclosure,confidentiality,moderate
2841,ecu,information_disclosure,confidentiality,moderate
2842,ecu,information_disclosure,confidentiality,moderate
2843,v2x_module,information_disclosure,confidentiality,moderate
2844,ota_module,information_disclosure,confidentiality,moderate
2845,ecu,information_disclosure,confidentiality,moderate
2846,ecu,information_disclosure,confidentiality,moderate
2847,can_bus,information_disclosure,confidentiality,moderate
2848,v2x_module,information_disclosure,confidentiality,moderate
2849,tire_pressure,information_disclosure,confidentiality,moderate
2850,gps,information_disclosure,confidentiality,moderate
2851,gps,information_disclosure,confidentiality,moderate
2852,v2x_module,information_disclosure,confidentiality,moderate
2853,camera,information_disclosure,integrity,moderate
2854,gps,information_disclosure,integrity,moderate
2855,ecu,information_disclosure,integrity,moderate
2856,lidar,information_disclosure,confidentiality,moderate
2857,ecu,information_disclosure,confidentiality,major
2858,v2x_module,information_disclosure,confidentiality,minor
2859,can_bus,information_disclosure,confidentiality,moderate
2860,tire_pressure,information_disclosure,confidentiality,minor
2861,lidar,information_disclosure,confidentiality,moderate
2862,lidar,information_disclosure,confidentiality,moderate
2863,camera,information_disclosure,confidentiality,moderate
2864,ecu,information_disclosure,confidentiality,moderate
2865,can_bus,information_disclosure,confidentiality,moderate
2866,ecu,information_disclosure,confidentiality,moderate
2867,camera,information_disclosure,confidentiality,moderate
2868,ota_module,information_disclosure,confidentiality,moderate
2869,v2x_module,information_disclosure,confidentiality,moderate
2870,tire_pressure,information_disclosure,confidentiality,moderate
2871,tire_pressure,information_disclosure,confidentiality,moderate
2872,ecu,information_disclosure,confidentiality,moderate
2873,gps,information_disclosure,confidentiality,moderate
2874,lidar,information_disclosure,integrity,moderate
2875,tire_pressure,information_disclosure,integrity,moderate
2876,tire_pressure,information_disclosure,confidentiality,moderate
2877,gps,information_disclosure,confidentiality,moderate
2878,gps,information_disclosure,confidentiality,moderate
2879,camera,information_disclosure,confidentiality,moderate
2880,gps,information_disclosure,confidentiality,moderate
2881,lidar,information_disclosure,confidentiality,major
2882,can_bus,information_disclosure,confidentiality,moderate
2883,v2x_module,information_disclosure,confidentiality,moderate
2884,ecu,information_disclosure,confidentiality,moderate
2885,tire_pressure,information_disclosure,confidentiality,moderate
2886,camera,information_disclosure,confidentiality,moderate
2887,camera,information_disclosure,confidentiality,moderate
2888,lidar,information_disclosure,availability,moderate
2889,ecu,information_disclosure,confidentiality,moderate
2890,v2x_module,information_disclosure,availability,moderate
2891,v2x_module,information_disclosure,confidentiality,moderate
2892,lidar,information_disclosure,confidentiality,minor
2893,v2x_module,information_disclosure,integrity,moderate
2894,camera,information_disclosure,confidentiality,moderate
2895,camera,information_disclosure,confidentiality,moderate
2896,v2x_module,information_disclosure,confidentiality,moderate
2897,can_bus,information_disclosure,confidentiality,moderate
2898,tire_pressure,information_disclosure,availability,moderate
2899,lidar,information_disclosure,confidentiality,moderate
2900,v2x_module,information_disclosure,confidentiality,moderate
2901,gps,information_disclosure,confidentiality,moderate
2902,lidar,information_disclosure,availability,moderate
2903,can_bus,information_disclosure,confidentiality,moderate
2904,tire_pressure,information_disclosure,confidentiality,moderate
2905,lidar,information_disclosure,confidentiality,moderate
2906,ecu,information_disclosure,confidentiality,moderate
2907,tire_pressure,information_disclosure,confidentiality,inconsequential
2908,can_bus,information_disclosure,confidentiality,major
2909,ecu,information_disclosure,confidentiality,moderate
2910,v2x_module,information_disclosure,confidentiality,major
2911,ota_module,information_disclosure,confidentiality,moderate
2912,tire_pressure,information_disclosure,confidentiality,major
2913,ecu,information_disclosure,confidentiality,moderate
2914,lidar,information_disclosure,confidentiality,inconsequential
2915,ecu,information_disclosure,integrity,moderate
2916,tire_pressure,information_disclosure,confidentiality,moderate
2917,camera,information_disclosure,integrity,moderate
2918,ecu,information_disclosure,confidentiality,moderate
2919,lidar,information_disclosure,confidentiality,moderate
2920,tire_pressure,information_disclosure,confidentiality,moderate
2921,ota_module,information_disclosure,confidentiality,moderate
2922,can_bus,information_disclosure,confidentiality,moderate
2923,gps,information_disclosure,confidentiality,moderate
2924,ecu,information_disclosure,integrity,moderate
2925,can_bus,information_disclosure,confidentiality,moderate
2926,ecu,information_disclosure,availability,moderate
2927,gps,information_disclosure,confidentiality,major
2928,ecu,information_disclosure,confidentiality,moderate
2929,can_bus,information_disclosure,integrity,minor
2930,gps,information_disclosure,confidentiality,moderate
2931,gps,information_disclosure,confidentiality,moderate
2932,camera,information_disclosure,confidentiality,moderate
2933,ecu,information_disclosure,confidentiality,moderate
2934,lidar,information_disclosure,confidentiality,moderate
2935,v2x_module,information_disclosure,confidentiality,moderate
2936,camera,information_disclosure,confidentiality,moderate
2937,v2x_module,information_disclosure,confidentiality,moderate
2938,camera,information_disclosure,confidentiality,moderate
2939,gps,information_disclosure,confidentiality,moderate
2940,can_bus,information_disclosure,confidentiality,moderate
2941,gps,information_disclosure,confidentiality,moderate
2942,tire_pressure,information_disclosure,confidentiality,inconsequential
2943,lidar,information_disclosure,confidentiality,moderate
2944,camera,information_disclosure,confidentiality,moderate
2945,ecu,information_disclosure,confidentiality,moderate
2946,v2x_module,information_disclosure,confidentiality,minor
2947,v2x_module,information_disclosure,confidentiality,moderate
2948,ota_module,information_disclosure,confidentiality,moderate
2949,tire_pressure,information_disclosure,confidentiality,moderate
2950,ecu,information_disclosure,confidentiality,moderate
2951,ota_module,information_disclosure,confidentiality,moderate
2952,ota_module,information_disclosure,integrity,moderate
2953,ota_module,information_disclosure,confidentiality,moderate
2954,ecu,information_disclosure,confidentiality,moderate
2955,can_bus,information_disclosure,confidentiality,moderate
2956,v2x_module,information_disclosure,confidentiality,moderate
2957,lidar,information_disclosure,confidentiality,moderate
2958,tire_pressure,information_disclosure,confidentiality,inconsequential
2959,ota_module,information_disclosure,confidentiality,moderate
2960,v2x_module,information_disclosure,confidentiality,moderate
2961,tire_pressure,information_disclosure,confidentiality,moderate
2962,ota_module,information_disclosure,confidentiality,moderate
2963,lidar,information_disclosure,confidentiality,moderate
2964,gps,information_disclosure,confidentiality,moderate
2965,ecu,information_disclosure,confidentiality,moderate
2966,camera,information_disclosure,confidentiality,moderate
2967,ecu,information_disclosure,confidentiality,moderate
2968,can_bus,information_disclosure,confidentiality,moderate
2969,ota_module,information_disclosure,integrity,moderate
2970,camera,information_disclosure,confidentiality,moderate
2971,v2x_module,information_disclosure,confidentiality,moderate
2972,can_bus,information_disclosure,confidentiality,moderate
2973,ecu,information_disclosure,integrity,moderate
2974,lidar,information_disclosure,confidentiality,moderate
2975,lidar,information_disclosure,confidentiality,moderate
2976,ecu,information_disclosure,confidentiality,moderate
2977,gps,information_disclosure,integrity,moderate
2978,ecu,information_disclosure,confidentiality,moderate
2979,v2x_module,information_disclosure,confidentiality,moderate
2980,tire_pressure,information_disclosure,confidentiality,moderate
2981,ota_module,information_disclosure,confidentiality,moderate
2982,camera,information_disclosure,confidentiality,moderate
2983,ecu,information_disclosure,confidentiality,moderate
2984,gps,information_disclosure,confidentiality,moderate
2985,tire_pressure,information_disclosure,integrity,moderate
2986,v2x_module,information_disclosure,confidentiality,moderate
2987,lidar,information_disclosure,confidentiality,moderate
2988,gps,information_disclosure,confidentiality,moderate
2989,ota_module,information_disclosure,confidentiality,moderate
2990,v2x_module,information_disclosure,confidentiality,moderate
2991,v2x_module,information_disclosure,confidentiality,moderate
2992,lidar,information_disclosure,confidentiality,inconsequential
2993,gps,information_disclosure,confidentiality,moderate
2994,camera,information_disclosure,confidentiality,moderate
2995,tire_pressure,information_disclosure,confidentiality,moderate
2996,camera,information_disclosure,confidentiality,moderate
2997,gps,information_disclosure,confidentiality,moderate
2998,gps,information_disclosure,confidentiality,moderate
2999,lidar,information_disclosure,confidentiality,moderate
3000,ota_module,information_disclosure,confidentiality,moderate
3001,camera,information_disclosure,confidentiality,moderate
3002,gps,information_disclosure,confidentiality,moderate
3003,lidar,information_disclosure,confidentiality,moderate
3004,lidar,information_disclosure,availability,moderate
3005,v2x_module,information_disclosure,confidentiality,moderate
3006,ota_module,information_disclosure,confidentiality,minor
3007,ecu,information_disclosure,confidentiality,moderate
3008,lidar,information_disclosure,integrity,moderate
3009,camera,information_disclosure,confidentiality,inconsequential
3010,ecu,information_disclosure,integrity,moderate
3011,v2x_module,information_disclosure,confidentiality,moderate
3012,v2x_module,information_disclosure,confidentiality,moderate
3013,v2x_module,information_disclosure,confidentiality,moderate
3014,tire_pressure,information_disclosure,confidentiality,inconsequential
3015,camera,information_disclosure,confidentiality,major
3016,can_bus,information_disclosure,confidentiality,moderate
3017,tire_pressure,information_disclosure,confidentiality,moderate
3018,lidar,information_disclosure,confidentiality,major
3019,gps,information_disclosure,confidentiality,moderate
3020,v2x_module,information_disclosure,confidentiality,minor
3021,tire_pressure,information_disclosure,confidentiality,moderate
3022,ota_module,information_disclosure,confidentiality,moderate
3023,ota_module,information_disclosure,integrity,major
3024,ecu,information_disclosure,confidentiality,inconsequential
3025,lidar,information_disclosure,confidentiality,moderate
3026,camera,information_disclosure,confidentiality,moderate
3027,ota_module,information_disclosure,confidentiality,moderate
3028,v2x_module,information_disclosure,confidentiality,moderate
3029,gps,information_disclosure,confidentiality,moderate
3030,ecu,information_disclosure,confidentiality,moderate
3031,camera,information_disclosure,confidentiality,moderate
3032,lidar,information_disclosure,confidentiality,moderate
3033,can_bus,information_disclosure,integrity,moderate
3034,ecu,information_disclosure,confidentiality,moderate
3035,can_bus,information_disclosure,confidentiality,moderate
3036,tire_pressure,information_disclosure,confidentiality,moderate
3037,gps,information_disclosure,confidentiality,moderate
3038,ecu,information_disclosure,confidentiality,moderate
3039,v2x_module,information_disclosure,confidentiality,moderate
3040,tire_pressure,information_disclosure,confidentiality,moderate
3041,gps,information_disclosure,confidentiality,moderate
3042,ota_module,information_disclosure,integrity,minor
3043,v2x_module,information_disclosure,confidentiality,moderate
3044,ecu,information_disclosure,confidentiality,moderate
3045,ota_module,information_disclosure,confidentiality,moderate
3046,lidar,information_disclosure,availability,moderate
3047,can_bus,information_disclosure,confidentiality,moderate
3048,ecu,information_disclosure,confidentiality,moderate
3049,lidar,information_disclosure,confidentiality,moderate
3050,camera,information_disclosure,confidentiality,major
3051,lidar,information_disclosure,confidentiality,moderate
3052,ota_module,information_disclosure,confidentiality,moderate
3053,camera,information_disclosure,availability,major
3054,ota_module,information_disclosure,integrity,major
3055,lidar,information_disclosure,confidentiality,inconsequential
3056,tire_pressure,information_disclosure,integrity,moderate
3057,ecu,information_disclosure,confidentiality,moderate
3058,tire_pressure,information_disclosure,confidentiality,moderate
3059,can_bus,information_disclosure,integrity,moderate
3060,gps,information_disclosure,confidentiality,moderate
3061,lidar,information_disclosure,confidentiality,moderate
3062,gps,information_disclosure,confidentiality,moderate
3063,v2x_module,information_disclosure,confidentiality,moderate
3064,can_bus,information_disclosure,confidentiality,moderate
3065,lidar,information_disclosure,integrity,moderate
3066,lidar,information_disclosure,integrity,moderate
3067,camera,information_disclosure,confidentiality,major
3068,gps,information_disclosure,confidentiality,moderate
3069,tire_pressure,information_disclosure,confidentiality,moderate
3070,camera,information_disclosure,confidentiality,moderate
3071,lidar,information_disclosure,confidentiality,moderate
3072,lidar,information_disclosure,confidentiality,moderate
3073,camera,information_disclosure,confidentiality,moderate
3074,ecu,information_disclosure,confidentiality,moderate
3075,ota_module,information_disclosure,confidentiality,moderate
3076,gps,information_disclosure,confidentiality,moderate
3077,camera,information_disclosure,confidentiality,moderate
3078,ota_module,information_disclosure,confidentiality,moderate
3079,v2x_module,information_disclosure,confidentiality,moderate
3080,v2x_module,information_disclosure,confidentiality,moderate
3081,can_bus,information_disclosure,confidentiality,moderate
3082,can_bus,information_disclosure,confidentiality,inconsequential
3083,ecu,information_disclosure,confidentiality,minor
3084,camera,information_disclosure,confidentiality,moderate
3085,lidar,information_disclosure,confidentiality,moderate
3086,camera,information_disclosure,confidentiality,moderate
3087,v2x_module,information_disclosure,confidentiality,moderate
3088,v2x_module,information_disclosure,confidentiality,moderate
3089,lidar,information_disclosure,confidentiality,moderate
3090,can_bus,information_disclosure,confidentiality,moderate
3091,can_bus,information_disclosure,integrity,moderate
3092,tire_pressure,information_disclosure,confidentiality,minor
3093,ecu,information_disclosure,confidentiality,moderate
3094,tire_pressure,information_disclosure,confidentiality,moderate
3095,v2x_module,information_disclosure,confidentiality,moderate
3096,can_bus,information_disclosure,confidentiality,moderate
3097,lidar,information_disclosure,integrity,moderate
3098,lidar,information_disclosure,integrity,moderate
3099,tire_pressure,information_disclosure,confidentiality,moderate
3100,camera,information_disclosure,confidentiality,moderate
3101,tire_pressure,information_disclosure,confidentiality,moderate
3102,can_bus,information_disclosure,confidentiality,moderate
3103,lidar,information_disclosure,confidentiality,moderate
3104,can_bus,information_disclosure,confidentiality,moderate
3105,camera,information_disclosure,availability,moderate
3106,gps,information_disclosure,confidentiality,moderate
3107,tire_pressure,information_disclosure,confidentiality,moderate
3108,can_bus,information_disclosure,confidentiality,moderate
3109,tire_pressure,information_disclosure,confidentiality,moderate
3110,tire_pressure,information_disclosure,confidentiality,inconsequential
3111,camera,information_disclosure,confidentiality,moderate
3112,ota_module,information_disclosure,confidentiality,moderate
3113,ecu,information_disclosure,confidentiality,moderate
3114,camera,information_disclosure,confidentiality,moderate
3115,ecu,information_disclosure,confidentiality,moderate
3116,camera,information_disclosure,integrity,moderate
3117,tire_pressure,information_disclosure,confidentiality,moderate
3118,ecu,information_disclosure,confidentiality,moderate
3119,camera,information_disclosure,confidentiality,moderate
3120,lidar,information_disclosure,confidentiality,moderate
3121,ecu,information_disclosure,confidentiality,moderate
3122,camera,information_disclosure,confidentiality,major
3123,gps,information_disclosure,confidentiality,inconsequential
3124,ecu,information_disclosure,confidentiality,moderate
3125,tire_pressure,information_disclosure,confidentiality,moderate
3126,lidar,information_disclosure,availability,moderate
3127,ecu,information_disclosure,confidentiality,inconsequential
3128,can_bus,information_disclosure,availability,moderate
3129,ota_module,information_disclosure,availability,moderate
3130,lidar,information_disclosure,confidentiality,moderate
3131,lidar,information_disclosure,confidentiality,moderate
3132,ecu,information_disclosure,confidentiality,moderate
3133,can_bus,information_disclosure,confidentiality,moderate
3134,tire_pressure,information_disclosure,confidentiality,minor
3135,tire_pressure,information_disclosure,confidentiality,moderate
3136,gps,information_disclosure,confidentiality,moderate
3137,gps,information_disclosure,confidentiality,moderate
3138,lidar,information_disclosure,confidentiality,moderate
3139,can_bus,information_disclosure,confidentiality,major
3140,v2x_module,information_disclosure,confidentiality,moderate
3141,tire_pressure,information_disclosure,confidentiality,moderate
3142,tire_pressure,information_disclosure,confidentiality,moderate
3143,ota_module,information_disclosure,confidentiality,moderate
3144,v2x_module,information_disclosure,confidentiality,moderate
3145,can_bus,information_disclosure,confidentiality,moderate
3146,can_bus,information_disclosure,confidentiality,moderate
3147,can_bus,information_disclosure,confidentiality,moderate
3148,tire_pressure,information_disclosure,confidentiality,moderate
3149,lidar,information_disclosure,confidentiality,moderate
3150,can_bus,information_disclosure,confidentiality,moderate
3151,v2x_module,information_disclosure,confidentiality,moderate
3152,v2x_module,information_disclosure,confidentiality,moderate
3153,can_bus,information_disclosure,confidentiality,moderate
3154,ota_module,information_disclosure,confidentiality,moderate
3155,tire_pressure,information_disclosure,confidentiality,moderate
3156,camera,information_disclosure,confidentiality,moderate
3157,lidar,information_disclosure,confidentiality,minor
3158,gps,information_disclosure,confidentiality,moderate
3159,tire_pressure,information_disclosure,confidentiality,moderate
3160,tire_pressure,information_disclosure,confidentiality,moderate
3161,camera,information_disclosure,confidentiality,moderate
3162,v2x_module,information_disclosure,confidentiality,moderate
3163,ota_module,information_disclosure,confidentiality,moderate
3164,ecu,information_disclosure,confidentiality,moderate
3165,ota_module,information_disclosure,confidentiality,moderate
3166,gps,information_disclosure,availability,major
3167,ecu,information_disclosure,confidentiality,moderate
3168,v2x_module,information_disclosure,confidentiality,moderate
3169,can_bus,information_disclosure,confidentiality,moderate
3170,gps,information_disclosure,integrity,moderate
3171,v2x_module,information_disclosure,confidentiality,inconsequential
3172,gps,information_disclosure,confidentiality,moderate
3173,camera,information_disclosure,availability,moderate
3174,ecu,information_disclosure,confidentiality,moderate
3175,camera,information_disclosure,confidentiality,moderate
3176,tire_pressure,information_disclosure,confidentiality,moderate
3177,camera,information_disclosure,confidentiality,moderate
3178,v2x_module,information_disclosure,confidentiality,moderate
3179,ota_module,information_disclosure,confidentiality,major
3180,lidar,information_disclosure,confidentiality,moderate
3181,gps,information_disclosure,confidentiality,moderate
3182,tire_pressure,information_disclosure,confidentiality,moderate
3183,lidar,information_disclosure,confidentiality,moderate
3184,ecu,information_disclosure,confidentiality,moderate
3185,v2x_module,information_disclosure,confidentiality,moderate
3186,ota_module,information_disclosure,confidentiality,moderate
3187,ecu,information_disclosure,integrity,moderate
3188,camera,information_disclosure,confidentiality,moderate
3189,ota_module,information_disclosure,confidentiality,moderate
3190,gps,information_disclosure,confidentiality,moderate
3191,gps,information_disclosure,confidentiality,moderate
3192,can_bus,information_disclosure,confidentiality,moderate
3193,v2x_module,information_disclosure,confidentiality,minor
3194,can_bus,information_disclosure,confidentiality,moderate
3195,lidar,information_disclosure,confidentiality,moderate
3196,ota_module,information_disclosure,confidentiality,moderate
3197,v2x_module,information_disclosure,confidentiality,moderate
3198,gps,information_disclosure,confidentiality,moderate
3199,gps,information_disclosure,confidentiality,moderate
3200,can_bus,information_disclosure,confidentiality,moderate
3201,camera,information_disclosure,confidentiality,inconsequential
3202,ota_module,information_disclosure,confidentiality,moderate
3203,lidar,information_disclosure,confidentiality,moderate
3204,ota_module,information_disclosure,confidentiality,moderate
3205,v2x_module,information_disclosure,integrity,moderate
3206,v2x_module,information_disclosure,confidentiality,moderate
3207,v2x_module,information_disclosure,confidentiality,moderate
3208,ecu,information_disclosure,confidentiality,moderate
3209,gps,information_disclosure,confidentiality,moderate
3210,ecu,information_disclosure,confidentiality,moderate
3211,v2x_module,information_disclosure,confidentiality,moderate
3212,v2x_module,information_disclosure,confidentiality,moderate
3213,lidar,information_disclosure,integrity,moderate
3214,ota_module,information_disclosure,confidentiality,moderate
3215,can_bus,information_disclosure,confidentiality,moderate
3216,ecu,information_disclosure,confidentiality,moderate
3217,gps,information_disclosure,confidentiality,moderate
3218,v2x_module,information_disclosure,confidentiality,moderate
3219,can_bus,information_disclosure,availability,moderate
3220,lidar,information_disclosure,confidentiality,moderate
3221,v2x_module,information_disclosure,confidentiality,moderate
3222,tire_pressure,information_disclosure,confidentiality,moderate
3223,ecu,information_disclosure,confidentiality,moderate
3224,tire_pressure,information_disclosure,confidentiality,moderate
3225,can_bus,information_disclosure,confidentiality,moderate
3226,v2x_module,information_disclosure,confidentiality,moderate
3227,ecu,information_disclosure,availability,moderate
3228,tire_pressure,information_disclosure,confidentiality,moderate
3229,camera,information_disclosure,confidentiality,moderate
3230,camera,information_disclosure,confidentiality,moderate
3231,lidar,information_disclosure,confidentiality,moderate
3232,gps,information_disclosure,confidentiality,moderate
3233,camera,information_disclosure,confidentiality,moderate
3234,gps,information_disclosure,integrity,moderate
3235,ota_module,information_disclosure,confidentiality,moderate
3236,ecu,information_disclosure,confidentiality,moderate
3237,v2x_module,information_disclosure,integrity,moderate
3238,can_bus,information_disclosure,confidentiality,major
3239,v2x_module,information_disclosure,integrity,moderate
3240,can_bus,information_disclosure,confidentiality,moderate
3241,can_bus,information_disclosure,integrity,moderate
3242,lidar,information_disclosure,confidentiality,moderate
3243,ota_module,information_disclosure,confidentiality,moderate
3244,gps,information_disclosure,confidentiality,inconsequential
3245,gps,information_disclosure,confidentiality,moderate
3246,tire_pressure,information_disclosure,integrity,moderate
3247,ecu,information_disclosure,confidentiality,moderate
3248,can_bus,information_disclosure,confidentiality,moderate
3249,ecu,information_disclosure,confidentiality,inconsequential
3250,can_bus,information_disclosure,confidentiality,minor
3251,lidar,information_disclosure,confidentiality,moderate
3252,lidar,information_disclosure,confidentiality,moderate
3253,v2x_module,information_disclosure,integrity,moderate
3254,can_bus,information_disclosure,confidentiality,moderate
3255,v2x_module,information_disclosure,confidentiality,moderate
3256,camera,information_disclosure,confidentiality,moderate
3257,tire_pressure,information_disclosure,confidentiality,moderate
3258,ota_module,information_disclosure,confidentiality,moderate
3259,lidar,information_disclosure,confidentiality,moderate
3260,gps,information_disclosure,confidentiality,moderate
3261,ecu,information_disclosure,confidentiality,moderate
3262,lidar,information_disclosure,confidentiality,moderate
3263,lidar,information_disclosure,confidentiality,moderate
3264,gps,information_disclosure,confidentiality,moderate
3265,camera,information_disclosure,confidentiality,moderate
3266,tire_pressure,information_disclosure,integrity,moderate
3267,camera,information_disclosure,confidentiality,moderate
3268,can_bus,information_disclosure,confidentiality,moderate
3269,ecu,information_disclosure,confidentiality,moderate
3270,can_bus,information_disclosure,integrity,moderate
3271,tire_pressure,information_disclosure,confidentiality,moderate
3272,can_bus,information_disclosure,confidentiality,moderate
3273,v2x_module,information_disclosure,confidentiality,moderate
3274,gps,information_disclosure,confidentiality,moderate
3275,can_bus,information_disclosure,confidentiality,moderate
3276,v2x_module,information_disclosure,confidentiality,moderate
3277,camera,information_disclosure,confidentiality,moderate
3278,gps,information_disclosure,confidentiality,moderate
3279,ota_module,information_disclosure,confidentiality,moderate
3280,lidar,information_disclosure,confidentiality,moderate
3281,ecu,information_disclosure,confidentiality,moderate
3282,ota_module,information_disclosure,confidentiality,moderate
3283,v2x_module,information_disclosure,confidentiality,moderate
3284,ecu,information_disclosure,confidentiality,moderate
3285,v2x_module,information_disclosure,confidentiality,moderate
3286,v2x_module,information_disclosure,confidentiality,moderate
3287,gps,information_disclosure,confidentiality,moderate
3288,gps,information_disclosure,confidentiality,moderate
3289,lidar,information_disclosure,confidentiality,moderate
3290,ota_module,information_disclosure,confidentiality,moderate
3291,ota_module,information_disclosure,confidentiality,moderate
3292,tire_pressure,information_disclosure,confidentiality,moderate
3293,tire_pressure,information_disclosure,confidentiality,moderate
3294,ecu,information_disclosure,confidentiality,moderate
3295,gps,information_disclosure,integrity,minor
3296,ota_module,information_disclosure,confidentiality,moderate
3297,ota_module,information_disclosure,confidentiality,moderate
3298,can_bus,information_disclosure,confidentiality,moderate
3299,v2x_module,information_disclosure,confidentiality,moderate
3300,camera,information_disclosure,confidentiality,moderate
3301,can_bus,information_disclosure,availability,moderate
3302,ota_module,information_disclosure,confidentiality,moderate
3303,v2x_module,information_disclosure,integrity,moderate
3304,lidar,information_disclosure,confidentiality,moderate
3305,tire_pressure,information_disclosure,confidentiality,moderate
3306,can_bus,information_disclosure,confidentiality,moderate
3307,ecu,information_disclosure,confidentiality,major
3308,tire_pressure,information_disclosure,confidentiality,moderate
3309,v2x_module,information_disclosure,confidentiality,moderate
3310,camera,information_disclosure,confidentiality,moderate
3311,can_bus,information_disclosure,integrity,moderate
3312,gps,information_disclosure,integrity,major
3313,can_bus,information_disclosure,confidentiality,moderate
3314,ota_module,information_disclosure,integrity,moderate
3315,v2x_module,information_disclosure,confidentiality,moderate
3316,can_bus,information_disclosure,confidentiality,moderate
3317,can_bus,information_disclosure,confidentiality,moderate
3318,tire_pressure,information_disclosure,confidentiality,moderate
3319,gps,information_disclosure,confidentiality,moderate
3320,ecu,information_disclosure,confidentiality,moderate
3321,tire_pressure,information_disclosure,confidentiality,moderate
3322,ota_module,information_disclosure,availability,moderate
3323,can_bus,information_disclosure,confidentiality,moderate
3324,ota_module,information_disclosure,confidentiality,moderate
3325,lidar,information_disclosure,confidentiality,moderate
3326,ecu,information_disclosure,confidentiality,moderate
3327,lidar,information_disclosure,confidentiality,moderate
3328,ota_module,information_disclosure,confidentiality,moderate
3329,gps,information_disclosure,integrity,major
3330,ota_module,information_disclosure,confidentiality,minor
3331,camera,information_disclosure,confidentiality,moderate
3332,ecu,information_disclosure,confidentiality,major
3333,can_bus,information_disclosure,confidentiality,moderate
3334,ecu,information_disclosure,confidentiality,moderate
3335,can_bus,information_disclosure,confidentiality,moderate
3336,ota_module,information_disclosure,confidentiality,moderate
3337,gps,information_disclosure,confidentiality,moderate
3338,ota_module,information_disclosure,confidentiality,moderate
3339,ota_module,information_disclosure,availability,minor
3340,can_bus,information_disclosure,confidentiality,moderate
3341,lidar,information_disclosure,confidentiality,moderate
3342,v2x_module,information_disclosure,confidentiality,moderate
3343,tire_pressure,information_disclosure,confidentiality,moderate
3344,tire_pressure,information_disclosure,confidentiality,moderate
3345,camera,information_disclosure,confidentiality,moderate
3346,camera,information_disclosure,confidentiality,inconsequential
3347,v2x_module,information_disclosure,confidentiality,moderate
3348,camera,information_disclosure,confidentiality,moderate
3349,v2x_module,information_disclosure,integrity,moderate
3350,camera,information_disclosure,confidentiality,moderate
3351,tire_pressure,information_disclosure,integrity,major
3352,gps,information_disclosure,confidentiality,moderate
3353,lidar,information_disclosure,confidentiality,major
3354,lidar,information_disclosure,confidentiality,moderate
3355,can_bus,information_disclosure,confidentiality,moderate
3356,gps,information_disclosure,integrity,major
3357,gps,information_disclosure,integrity,moderate
3358,lidar,information_disclosure,confidentiality,inconsequential
3359,lidar,information_disclosure,confidentiality,moderate
3360,lidar,information_disclosure,confidentiality,moderate
3361,gps,information_disclosure,confidentiality,minor
3362,v2x_module,information_disclosure,confidentiality,moderate
3363,ecu,information_disclosure,availability,moderate
3364,gps,information_disclosure,confidentiality,moderate
3365,tire_pressure,information_disclosure,availability,moderate
3366,can_bus,information_disclosure,confidentiality,moderate
3367,gps,information_disclosure,confidentiality,moderate
3368,gps,information_disclosure,confidentiality,moderate
3369,lidar,information_disclosure,confidentiality,moderate
3370,v2x_module,information_disclosure,confidentiality,moderate
3371,can_bus,information_disclosure,confidentiality,moderate
3372,ota_module,information_disclosure,confidentiality,moderate
3373,v2x_module,information_disclosure,confidentiality,moderate
3374,v2x_module,information_disclosure,confidentiality,moderate
3375,can_bus,information_disclosure,confidentiality,moderate
3376,v2x_module,information_disclosure,availability,moderate
3377,gps,information_disclosure,confidentiality,moderate
3378,can_bus,information_disclosure,confidentiality,moderate
3379,camera,information_disclosure,confidentiality,moderate
3380,v2x_module,information_disclosure,confidentiality,moderate
3381,can_bus,information_disclosure,confidentiality,moderate
3382,gps,information_disclosure,confidentiality,moderate
3383,lidar,information_disclosure,confidentiality,moderate
3384,ecu,information_disclosure,integrity,minor
3385,ecu,information_disclosure,confidentiality,moderate
3386,lidar,information_disclosure,confidentiality,moderate
3387,can_bus,information_disclosure,availability,moderate
3388,v2x_module,information_disclosure,confidentiality,moderate
3389,lidar,information_disclosure,confidentiality,major
3390,can_bus,information_disclosure,confidentiality,moderate
3391,ota_module,information_disclosure,integrity,moderate
3392,can_bus,information_disclosure,confidentiality,moderate
3393,tire_pressure,information_disclosure,confidentiality,moderate
3394,ota_module,information_disclosure,confidentiality,moderate
3395,ota_module,information_disclosure,availability,moderate
3396,ota_module,information_disclosure,confidentiality,moderate
3397,v2x_module,information_disclosure,integrity,moderate
3398,ecu,information_disclosure,confidentiality,moderate
3399,ecu,information_disclosure,confidentiality,moderate
3400,can_bus,information_disclosure,confidentiality,moderate
3401,tire_pressure,information_disclosure,confidentiality,moderate
3402,tire_pressure,information_disclosure,confidentiality,moderate
3403,tire_pressure,information_disclosure,confidentiality,moderate
3404,camera,information_disclosure,integrity,major
3405,tire_pressure,information_disclosure,confidentiality,moderate
3406,camera,information_disclosure,confidentiality,moderate
3407,lidar,information_disclosure,confidentiality,moderate
3408,v2x_module,information_disclosure,confidentiality,moderate
3409,can_bus,information_disclosure,confidentiality,moderate
3410,camera,information_disclosure,availability,inconsequential
3411,v2x_module,information_disclosure,confidentiality,moderate
3412,gps,information_disclosure,confidentiality,moderate
3413,tire_pressure,information_disclosure,confidentiality,moderate
3414,ota_module,information_disclosure,confidentiality,major
3415,tire_pressure,information_disclosure,confidentiality,moderate
3416,lidar,information_disclosure,confidentiality,moderate
3417,camera,information_disclosure,confidentiality,moderate
3418,camera,information_disclosure,confidentiality,moderate
3419,tire_pressure,information_disclosure,confidentiality,inconsequential
3420,gps,information_disclosure,confidentiality,moderate
3421,ota_module,information_disclosure,confidentiality,moderate
3422,lidar,information_disclosure,confidentiality,moderate
3423,tire_pressure,information_disclosure,confidentiality,moderate
3424,tire_pressure,information_disclosure,confidentiality,moderate
3425,tire_pressure,information_disclosure,integrity,inconsequential
3426,tire_pressure,information_disclosure,confidentiality,moderate
3427,lidar,information_disclosure,confidentiality,moderate
3428,gps,information_disclosure,confidentiality,moderate
3429,camera,information_disclosure,confidentiality,major
3430,camera,information_disclosure,confidentiality,moderate
3431,can_bus,information_disclosure,confidentiality,moderate
3432,ota_module,information_disclosure,confidentiality,moderate
3433,ecu,information_disclosure,confidentiality,moderate
3434,can_bus,information_disclosure,availability,moderate
3435,gps,information_disclosure,confidentiality,moderate
3436,v2x_module,information_disclosure,confidentiality,moderate
3437,lidar,information_disclosure,confidentiality,moderate
3438,ota_module,information_disclosure,confidentiality,moderate
3439,ecu,information_disclosure,confidentiality,minor
3440,lidar,information_disclosure,confidentiality,major
3441,camera,information_disclosure,confidentiality,moderate
3442,gps,information_disclosure,confidentiality,moderate
3443,ecu,information_disclosure,confidentiality,moderate
3444,camera,information_disclosure,confidentiality,moderate
3445,camera,information_disclosure,confidentiality,moderate
3446,tire_pressure,information_disclosure,confidentiality,moderate
3447,tire_pressure,information_disclosure,confidentiality,moderate
3448,ecu,information_disclosure,confidentiality,moderate
3449,v2x_module,information_disclosure,confidentiality,moderate
3450,can_bus,information_disclosure,confidentiality,moderate
3451,camera,information_disclosure,confidentiality,inconsequential
3452,lidar,information_disclosure,confidentiality,moderate
3453,can_bus,information_disclosure,confidentiality,moderate
3454,v2x_module,information_disclosure,confidentiality,moderate
3455,tire_pressure,information_disclosure,integrity,moderate
3456,ecu,information_disclosure,confidentiality,moderate
3457,ecu,information_disclosure,confidentiality,moderate
3458,v2x_module,information_disclosure,integrity,moderate
3459,ecu,information_disclosure,confidentiality,moderate
3460,v2x_module,information_disclosure,confidentiality,moderate
3461,gps,information_disclosure,confidentiality,moderate
3462,ota_module,information_disclosure,confidentiality,moderate
3463,gps,information_disclosure,confidentiality,moderate
3464,gps,information_disclosure,confidentiality,moderate
3465,v2x_module,information_disclosure,integrity,moderate
3466,ecu,information_disclosure,confidentiality,moderate
3467,gps,information_disclosure,confidentiality,moderate
3468,gps,information_disclosure,integrity,moderate
3469,v2x_module,information_disclosure,confidentiality,moderate
3470,camera,information_disclosure,confidentiality,moderate
3471,can_bus,information_disclosure,confidentiality,moderate
3472,gps,information_disclosure,integrity,moderate
3473,lidar,information_disclosure,confidentiality,moderate
3474,camera,information_disclosure,confidentiality,moderate
3475,ota_module,information_disclosure,confidentiality,moderate
3476,lidar,information_disclosure,availability,moderate
3477,can_bus,information_disclosure,confidentiality,moderate
3478,tire_pressure,information_disclosure,integrity,moderate
3479,ota_module,information_disclosure,confidentiality,moderate
3480,gps,information_disclosure,confidentiality,moderate
3481,ecu,information_disclosure,confidentiality,moderate
3482,tire_pressure,information_disclosure,integrity,moderate
3483,ota_module,information_disclosure,integrity,moderate
3484,gps,information_disclosure,availability,moderate
3485,ota_module,information_disclosure,confidentiality,moderate
3486,v2x_module,information_disclosure,confidentiality,moderate
3487,tire_pressure,information_disclosure,integrity,moderate
3488,ota_module,information_disclosure,confidentiality,moderate
3489,camera,information_disclosure,confidentiality,moderate
3490,camera,information_disclosure,confidentiality,moderate
3491,ecu,information_disclosure,confidentiality,moderate
3492,can_bus,information_disclosure,confidentiality,moderate
3493,v2x_module,information_disclosure,confidentiality,moderate
3494,ota_module,information_disclosure,confidentiality,moderate
3495,can_bus,information_disclosure,confidentiality,moderate
3496,lidar,information_disclosure,confidentiality,moderate
3497,gps,information_disclosure,confidentiality,moderate
3498,ota_module,information_disclosure,confidentiality,moderate
3499,v2x_module,information_disclosure,confidentiality,moderate
3500,tire_pressure,information_disclosure,confidentiality,moderate
3501,ecu,information_disclosure,confidentiality,moderate
3502,can_bus,information_disclosure,confidentiality,moderate
3503,v2x_module,information_disclosure,confidentiality,moderate
3504,camera,information_disclosure,confidentiality,moderate
3505,camera,information_disclosure,confidentiality,moderate
3506,ota_module,information_disclosure,confidentiality,moderate
3507,tire_pressure,information_disclosure,confidentiality,moderate
3508,ota_module,information_disclosure,confidentiality,moderate
3509,camera,information_disclosure,confidentiality,moderate
3510,ota_module,information_disclosure,confidentiality,moderate
3511,lidar,information_disclosure,confidentiality,moderate
3512,tire_pressure,information_disclosure,confidentiality,moderate
3513,v2x_module,information_disclosure,confidentiality,minor
3514,ota_module,information_disclosure,confidentiality,moderate
3515,gps,information_disclosure,confidentiality,moderate
3516,camera,information_disclosure,confidentiality,moderate
3517,ota_module,information_disclosure,confidentiality,moderate
3518,ecu,information_disclosure,confidentiality,moderate
3519,camera,information_disclosure,confidentiality,moderate
3520,lidar,information_disclosure,confidentiality,moderate
3521,ecu,information_disclosure,integrity,moderate
3522,tire_pressure,information_disclosure,confidentiality,moderate
3523,ota_module,information_disclosure,confidentiality,inconsequential
3524,ota_module,information_disclosure,integrity,moderate
3525,v2x_module,information_disclosure,confidentiality,moderate
3526,can_bus,information_disclosure,integrity,moderate
3527,ota_module,information_disclosure,confidentiality,moderate
3528,ota_module,information_disclosure,availability,moderate
3529,ota_module,information_disclosure,confidentiality,moderate
3530,v2x_module,information_disclosure,confidentiality,moderate
3531,camera,information_disclosure,confidentiality,moderate
3532,ota_module,information_disclosure,confidentiality,moderate
3533,can_bus,information_disclosure,confidentiality,moderate
3534,gps,information_disclosure,confidentiality,moderate
3535,can_bus,information_disclosure,confidentiality,moderate
3536,can_bus,information_disclosure,integrity,moderate
3537,tire_pressure,information_disclosure,confidentiality,moderate
3538,tire_pressure,information_disclosure,confidentiality,major
3539,lidar,information_disclosure,integrity,moderate
3540,v2x_module,information_disclosure,confidentiality,moderate
3541,tire_pressure,information_disclosure,confidentiality,moderate
3542,tire_pressure,information_disclosure,confidentiality,moderate
3543,can_bus,information_disclosure,integrity,moderate
3544,lidar,information_disclosure,availability,moderate
3545,tire_pressure,information_disclosure,confidentiality,moderate
3546,lidar,information_disclosure,availability,inconsequential
3547,v2x_module,information_disclosure,confidentiality,major
3548,gps,information_disclosure,confidentiality,moderate
3549,tire_pressure,information_disclosure,availability,moderate
3550,ecu,information_disclosure,confidentiality,inconsequential
3551,ota_module,information_disclosure,confidentiality,moderate
3552,can_bus,information_disclosure,confidentiality,moderate
3553,tire_pressure,information_disclosure,confidentiality,moderate
3554,ecu,information_disclosure,confidentiality,moderate
3555,v2x_module,information_disclosure,confidentiality,moderate
3556,lidar,information_disclosure,confidentiality,moderate
3557,gps,information_disclosure,confidentiality,minor
3558,lidar,information_disclosure,confidentiality,inconsequential
3559,ota_module,information_disclosure,confidentiality,major
3560,ota_module,information_disclosure,confidentiality,moderate
3561,ota_module,information_disclosure,confidentiality,moderate
3562,lidar,information_disclosure,confidentiality,minor
3563,lidar,information_disclosure,confidentiality,moderate
3564,gps,information_disclosure,confidentiality,moderate
3565,ecu,information_disclosure,integrity,moderate
3566,gps,information_disclosure,confidentiality,moderate
3567,lidar,information_disclosure,confidentiality,moderate
3568,can_bus,information_disclosure,confidentiality,moderate
3569,camera,information_disclosure,confidentiality,moderate
3570,lidar,information_disclosure,confidentiality,minor
3571,gps,information_disclosure,integrity,moderate
3572,camera,information_disclosure,confidentiality,moderate
3573,camera,information_disclosure,confidentiality,minor
3574,gps,information_disclosure,integrity,moderate
3575,camera,information_disclosure,confidentiality,moderate
3576,v2x_module,information_disclosure,confidentiality,moderate
3577,lidar,information_disclosure,confidentiality,moderate
3578,camera,information_disclosure,confidentiality,moderate
3579,camera,information_disclosure,confidentiality,moderate
3580,v2x_module,information_disclosure,confidentiality,moderate
3581,ecu,information_disclosure,confidentiality,moderate
3582,camera,information_disclosure,confidentiality,moderate
3583,gps,information_disclosure,confidentiality,moderate
3584,tire_pressure,information_disclosure,confidentiality,moderate
3585,can_bus,information_disclosure,confidentiality,moderate
3586,gps,information_disclosure,confidentiality,moderate
3587,camera,information_disclosure,confidentiality,moderate
3588,gps,information_disclosure,integrity,moderate
3589,gps,information_disclosure,availability,major
3590,ecu,information_disclosure,integrity,moderate
3591,v2x_module,information_disclosure,availability,moderate
3592,can_bus,information_disclosure,confidentiality,moderate
3593,camera,information_disclosure,confidentiality,moderate
3594,ota_module,information_disclosure,confidentiality,moderate
3595,tire_pressure,information_disclosure,confidentiality,moderate
3596,camera,information_disclosure,confidentiality,moderate
3597,gps,information_disclosure,confidentiality,moderate
3598,camera,information_disclosure,confidentiality,moderate
3599,camera,information_disclosure,availability,moderate
3600,can_bus,information_disclosure,confidentiality,moderate
3601,lidar,denial_of_service,availability,severe
3602,ecu,denial_of_service,availability,severe
3603,v2x_module,denial_of_service,integrity,severe
3604,tire_pressure,denial_of_service,integrity,severe
3605,ecu,denial_of_service,integrity,severe
3606,lidar,denial_of_service,integrity,severe
3607,can_bus,denial_of_service,availability,severe
3608,gps,denial_of_service,availability,severe
3609,v2x_module,denial_of_service,availability,severe
3610,gps,denial_of_service,integrity,severe
3611,can_bus,denial_of_service,availability,severe
3612,can_bus,denial_of_service,availability,severe
3613,can_bus,denial_of_service,availability,severe
3614,gps,denial_of_service,integrity,severe
3615,ota_module,denial_of_service,availability,severe
3616,camera,denial_of_service,integrity,major
3617,ecu,denial_of_service,availability,severe
3618,tire_pressure,denial_of_service,availability,severe
3619,ota_module,denial_of_service,availability,severe
3620,can_bus,denial_of_service,integrity,moderate
3621,tire_pressure,denial_of_service,availability,severe
3622,tire_pressure,denial_of_service,availability,severe
3623,tire_pressure,denial_of_service,confidentiality,inconsequential
3624,ecu,denial_of_service,availability,severe
3625,gps,denial_of_service,availability,severe
3626,ota_module,denial_of_service,integrity,severe
3627,lidar,denial_of_service,integrity,severe
3628,ota_module,denial_of_service,availability,severe
3629,camera,denial_of_service,availability,severe
3630,lidar,denial_of_service,availability,severe
3631,ota_module,denial_of_service,availability,severe
3632,can_bus,denial_of_service,availability,severe
3633,v2x_module,denial_of_service,integrity,severe
3634,can_bus,denial_of_service,availability,severe
3635,gps,denial_of_service,availability,severe
3636,gps,denial_of_service,integrity,severe
3637,ota_module,denial_of_service,availability,severe
3638,tire_pressure,denial_of_service,availability,severe
3639,ota_module,denial_of_service,availability,severe
3640,camera,denial_of_service,availability,severe
3641,camera,denial_of_service,integrity,major
3642,can_bus,denial_of_service,availability,severe
3643,can_bus,denial_of_service,availability,severe
3644,gps,denial_of_service,availability,severe
3645,tire_pressure,denial_of_service,availability,severe
3646,ota_module,denial_of_service,availability,severe
3647,ecu,denial_of_service,availability,severe
3648,camera,denial_of_service,availability,severe
3649,ota_module,denial_of_service,integrity,severe
3650,ecu,denial_of_service,availability,severe
3651,tire_pressure,denial_of_service,confidentiality,severe
3652,lidar,denial_of_service,availability,severe
3653,gps,denial_of_service,confidentiality,severe
3654,camera,denial_of_service,integrity,severe
3655,can_bus,denial_of_service,integrity,major
3656,v2x_module,denial_of_service,availability,severe
3657,lidar,denial_of_service,availability,severe
3658,camera,denial_of_service,integrity,severe
3659,lidar,denial_of_service,confidentiality,severe
3660,gps,denial_of_service,integrity,severe
3661,camera,denial_of_service,confidentiality,severe
3662,gps,denial_of_service,availability,inconsequential
3663,gps,denial_of_service,availability,severe
3664,v2x_module,denial_of_service,availability,severe
3665,ecu,denial_of_service,integrity,severe
3666,camera,denial_of_service,availability,severe
3667,camera,denial_of_service,availability,severe
3668,can_bus,denial_of_service,availability,severe
3669,gps,denial_of_service,availability,severe
3670,gps,denial_of_service,availability,severe
3671,v2x_module,denial_of_service,availability,severe
3672,lidar,denial_of_service,availability,severe
3673,lidar,denial_of_service,integrity,severe
3674,tire_pressure,denial_of_service,integrity,moderate
3675,v2x_module,denial_of_service,integrity,severe
3676,camera,denial_of_service,availability,severe
3677,camera,denial_of_service,availability,severe
3678,tire_pressure,denial_of_service,availability,severe
3679,can_bus,denial_of_service,integrity,severe
3680,v2x_module,denial_of_service,availability,severe
3681,camera,denial_of_service,availability,severe
3682,ota_module,denial_of_service,availability,severe
3683,v2x_module,denial_of_service,integrity,severe
3684,gps,denial_of_service,availability,severe
3685,v2x_module,denial_of_service,availability,severe
3686,lidar,denial_of_service,integrity,severe
3687,gps,denial_of_service,availability,severe
3688,camera,denial_of_service,availability,moderate
3689,ota_module,denial_of_service,availability,severe
3690,camera,denial_of_service,availability,inconsequential
3691,camera,denial_of_service,integrity,severe
3692,lidar,denial_of_service,availability,severe
3693,ecu,denial_of_service,availability,severe
3694,camera,denial_of_service,availability,severe
3695,lidar,denial_of_service,availability,inconsequential
3696,can_bus,denial_of_service,confidentiality,severe
3697,camera,denial_of_service,availability,severe
3698,camera,denial_of_service,integrity,severe
3699,ecu,denial_of_service,availability,severe
3700,lidar,denial_of_service,confidentiality,moderate
3701,lidar,denial_of_service,availability,severe
3702,camera,denial_of_service,availability,severe
3703,camera,denial_of_service,availability,severe
3704,tire_pressure,denial_of_service,availability,severe
3705,tire_pressure,denial_of_service,availability,severe
3706,camera,denial_of_service,availability,moderate
3707,camera,denial_of_service,availability,severe
3708,ota_module,denial_of_service,integrity,severe
3709,can_bus,denial_of_service,confidentiality,severe
3710,camera,denial_of_service,availability,severe
3711,can_bus,denial_of_service,availability,severe
3712,lidar,denial_of_service,integrity,severe
3713,can_bus,denial_of_service,availability,severe
3714,tire_pressure,denial_of_service,availability,inconsequential
3715,lidar,denial_of_service,availability,severe
3716,tire_pressure,denial_of_service,availability,severe
3717,tire_pressure,denial_of_service,availability,severe
3718,tire_pressure,denial_of_service,availability,severe
3719,ota_module,denial_of_service,availability,severe
3720,ecu,denial_of_service,availability,severe
3721,gps,denial_of_service,integrity,severe
3722,tire_pressure,denial_of_service,availability,severe
3723,can_bus,denial_of_service,integrity,severe
3724,lidar,denial_of_service,availability,severe
3725,lidar,denial_of_service,availability,severe
3726,lidar,denial_of_service,integrity,severe
3727,ecu,denial_of_service,integrity,severe
3728,can_bus,denial_of_service,availability,severe
3729,camera,denial_of_service,availability,severe
3730,gps,denial_of_service,availability,severe
3731,can_bus,denial_of_service,availability,severe
3732,v2x_module,denial_of_service,availability,severe
3733,ecu,denial_of_service,availability,severe
3734,ota_module,denial_of_service,availability,severe
3735,ota_module,denial_of_service,integrity,severe
3736,ota_module,denial_of_service,availability,severe
3737,v2x_module,denial_of_service,availability,severe
3738,can_bus,denial_of_service,availability,severe
3739,ota_module,denial_of_service,integrity,severe
3740,ecu,denial_of_service,availability,severe
3741,ota_module,denial_of_service,availability,severe
3742,gps,denial_of_service,confidentiality,severe
3743,ota_module,denial_of_service,availability,severe
3744,camera,denial_of_service,availability,severe
3745,v2x_module,denial_of_service,availability,severe
3746,ecu,denial_of_service,integrity,severe
3747,lidar,denial_of_service,availability,severe
3748,gps,denial_of_service,availability,moderate
3749,camera,denial_of_service,availability,moderate
3750,v2x_module,denial_of_service,integrity,severe
3751,ota_module,denial_of_service,confidentiality,severe
3752,gps,denial_of_service,availability,moderate
3753,tire_pressure,denial_of_service,availability,severe
3754,camera,denial_of_service,integrity,severe
3755,ecu,denial_of_service,availability,severe
3756,gps,denial_of_service,availability,severe
3757,gps,denial_of_service,availability,severe
3758,tire_pressure,denial_of_service,integrity,severe
3759,gps,denial_of_service,integrity,severe
3760,can_bus,denial_of_service,availability,severe
3761,ecu,denial_of_service,availability,severe
3762,can_bus,denial_of_service,availability,severe
3763,tire_pressure,denial_of_service,availability,severe
3764,camera,denial_of_service,availability,severe
3765,lidar,denial_of_service,availability,severe
3766,gps,denial_of_service,availability,severe
3767,ota_module,denial_of_service,integrity,severe
3768,gps,denial_of_service,availability,severe
3769,lidar,denial_of_service,integrity,inconsequential
3770,tire_pressure,denial_of_service,availability,severe
3771,camera,denial_of_service,availability,severe
3772,ota_module,denial_of_service,availability,severe
3773,v2x_module,denial_of_service,availability,severe
3774,lidar,denial_of_service,availability,severe
3775,gps,denial_of_service,availability,severe
3776,ecu,denial_of_service,integrity,severe
3777,gps,denial_of_service,availability,severe
3778,tire_pressure,denial_of_service,integrity,severe
3779,lidar,denial_of_service,availability,severe
3780,v2x_module,denial_of_service,confidentiality,severe
3781,can_bus,denial_of_service,availability,severe
3782,lidar,denial_of_service,integrity,severe
3783,lidar,denial_of_service,availability,severe
3784,ota_module,denial_of_service,integrity,severe
3785,lidar,denial_of_service,availability,severe
3786,ota_module,denial_of_service,availability,severe
3787,ota_module,denial_of_service,integrity,severe
3788,camera,denial_of_service,integrity,severe
3789,camera,denial_of_service,availability,severe
3790,ecu,denial_of_service,availability,severe
3791,ecu,denial_of_service,availability,severe
3792,lidar,denial_of_service,availability,severe
3793,lidar,denial_of_service,availability,severe
3794,can_bus,denial_of_service,availability,severe
3795,can_bus,denial_of_service,availability,severe
3796,ota_module,denial_of_service,integrity,severe
3797,ota_module,denial_of_service,integrity,severe
3798,tire_pressure,denial_of_service,availability,severe
3799,gps,denial_of_service,availability,severe
3800,ota_module,denial_of_service,integrity,severe
3801,v2x_module,denial_of_service,availability,severe
3802,lidar,denial_of_service,availability,severe
3803,v2x_module,denial_of_service,availability,moderate
3804,gps,denial_of_service,availability,severe
3805,camera,denial_of_service,availability,severe
3806,lidar,denial_of_service,availability,severe
3807,can_bus,denial_of_service,confidentiality,severe
3808,can_bus,denial_of_service,confidentiality,severe
3809,camera,denial_of_service,availability,severe
3810,camera,denial_of_service,availability,severe
3811,gps,denial_of_service,availability,severe
3812,tire_pressure,denial_of_service,availability,moderate
3813,tire_pressure,denial_of_service,integrity,severe
3814,tire_pressure,denial_of_service,availability,severe
3815,ota_module,denial_of_service,availability,severe
3816,camera,denial_of_service,availability,major
3817,ecu,denial_of_service,integrity,severe
3818,camera,denial_of_service,availability,severe
3819,gps,denial_of_service,integrity,severe
3820,tire_pressure,denial_of_service,confidentiality,severe
3821,v2x_module,denial_of_service,availability,inconsequential
3822,ota_module,denial_of_service,availability,severe
3823,ota_module,denial_of_service,availability,moderate
3824,can_bus,denial_of_service,availability,severe
3825,v2x_module,denial_of_service,availability,inconsequential
3826,lidar,denial_of_service,availability,severe
3827,lidar,denial_of_service,availability,severe
3828,ota_module,denial_of_service,availability,severe
3829,v2x_module,denial_of_service,availability,severe
3830,lidar,denial_of_service,integrity,severe
3831,camera,denial_of_service,availability,severe
3832,lidar,denial_of_service,availability,severe
3833,tire_pressure,denial_of_service,integrity,moderate
3834,lidar,denial_of_service,availability,severe
3835,lidar,denial_of_service,availability,severe
3836,lidar,denial_of_service,availability,inconsequential
3837,lidar,denial_of_service,availability,severe
3838,lidar,denial_of_service,availability,severe
3839,can_bus,denial_of_service,availability,severe
3840,can_bus,denial_of_service,integrity,severe
3841,tire_pressure,denial_of_service,availability,moderate
3842,v2x_module,denial_of_service,integrity,severe
3843,gps,denial_of_service,availability,severe
3844,lidar,denial_of_service,availability,severe
3845,camera,denial_of_service,availability,severe
3846,gps,denial_of_service,integrity,severe
3847,v2x_module,denial_of_service,availability,severe
3848,gps,denial_of_service,confidentiality,severe
3849,can_bus,denial_of_service,availability,severe
3850,ecu,denial_of_service,availability,severe
3851,ecu,denial_of_service,availability,severe
3852,ecu,denial_of_service,availability,severe
3853,ota_module,denial_of_service,confidentiality,severe
3854,gps,denial_of_service,availability,severe
3855,can_bus,denial_of_service,integrity,severe
3856,lidar,denial_of_service,availability,severe
3857,v2x_module,denial_of_service,availability,inconsequential
3858,v2x_module,denial_of_service,availability,severe
3859,ota_module,denial_of_service,availability,severe
3860,ecu,denial_of_service,integrity,major
3861,camera,denial_of_service,availability,severe
3862,lidar,denial_of_service,availability,severe
3863,gps,denial_of_service,availability,severe
3864,camera,denial_of_service,availability,severe
3865,lidar,denial_of_service,integrity,severe
3866,v2x_module,denial_of_service,availability,major
3867,v2x_module,denial_of_service,confidentiality,severe
3868,ecu,denial_of_service,availability,severe
3869,gps,denial_of_service,availability,severe
3870,camera,denial_of_service,availability,severe
3871,camera,denial_of_service,availability,moderate
3872,can_bus,denial_of_service,availability,severe
3873,ecu,denial_of_service,availability,severe
3874,can_bus,denial_of_service,availability,severe
3875,ecu,denial_of_service,integrity,severe
3876,v2x_module,denial_of_service,confidentiality,severe
3877,ota_module,denial_of_service,integrity,severe
3878,lidar,denial_of_service,integrity,severe
3879,tire_pressure,denial_of_service,confidentiality,severe
3880,tire_pressure,denial_of_service,availability,severe
3881,lidar,denial_of_service,availability,severe
3882,ecu,denial_of_service,availability,severe
3883,ecu,denial_of_service,availability,severe
3884,ota_module,denial_of_service,integrity,severe
3885,lidar,denial_of_service,availability,severe
3886,v2x_module,denial_of_service,integrity,severe
3887,lidar,denial_of_service,availability,severe
3888,ecu,denial_of_service,integrity,severe
3889,lidar,denial_of_service,availability,major
3890,tire_pressure,denial_of_service,availability,severe
3891,tire_pressure,denial_of_service,integrity,major
3892,lidar,denial_of_service,availability,severe
3893,can_bus,denial_of_service,availability,inconsequential
3894,tire_pressure,denial_of_service,confidentiality,moderate
3895,can_bus,denial_of_service,availability,moderate
3896,ota_module,denial_of_service,integrity,severe
3897,lidar,denial_of_service,confidentiality,severe
3898,lidar,denial_of_service,availability,severe
3899,gps,denial_of_service,availability,severe
3900,can_bus,denial_of_service,confidentiality,severe
3901,ota_module,denial_of_service,availability,severe
3902,can_bus,denial_of_service,integrity,severe
3903,ota_module,denial_of_service,availability,severe
3904,can_bus,denial_of_service,availability,severe
3905,ota_module,denial_of_service,availability,severe
3906,camera,denial_of_service,integrity,severe
3907,ecu,denial_of_service,availability,severe
3908,camera,denial_of_service,availability,severe
3909,tire_pressure,denial_of_service,availability,severe
3910,camera,denial_of_service,availability,severe
3911,v2x_module,denial_of_service,availability,severe
3912,lidar,denial_of_service,confidentiality,moderate
3913,camera,denial_of_service,availability,severe
3914,lidar,denial_of_service,availability,moderate
3915,ecu,denial_of_service,availability,severe
3916,gps,denial_of_service,availability,severe
3917,camera,denial_of_service,availability,severe
3918,camera,denial_of_service,availability,severe
3919,gps,denial_of_service,integrity,severe
3920,camera,denial_of_service,integrity,severe
3921,tire_pressure,denial_of_service,availability,major
3922,ota_module,denial_of_service,integrity,severe
3923,camera,denial_of_service,availability,major
3924,can_bus,denial_of_service,integrity,severe
3925,ota_module,denial_of_service,availability,severe
3926,camera,denial_of_service,integrity,severe
3927,camera,denial_of_service,availability,severe
3928,ota_module,denial_of_service,confidentiality,severe
3929,tire_pressure,denial_of_service,availability,severe
3930,can_bus,denial_of_service,availability,severe
3931,ecu,denial_of_service,availability,severe
3932,tire_pressure,denial_of_service,availability,severe
3933,can_bus,denial_of_service,availability,severe
3934,ota_module,denial_of_service,availability,severe
3935,ota_module,denial_of_service,availability,severe
3936,tire_pressure,denial_of_service,availability,severe
3937,lidar,denial_of_service,confidentiality,severe
3938,ecu,denial_of_service,availability,severe
3939,gps,denial_of_service,availability,moderate
3940,tire_pressure,denial_of_service,confidentiality,severe
3941,lidar,denial_of_service,integrity,severe
3942,gps,denial_of_service,availability,severe
3943,camera,denial_of_service,availability,severe
3944,gps,denial_of_service,availability,severe
3945,lidar,denial_of_service,integrity,severe
3946,gps,denial_of_service,availability,moderate
3947,gps,denial_of_service,integrity,severe
3948,ecu,denial_of_service,availability,moderate
3949,camera,denial_of_service,availability,severe
3950,ota_module,denial_of_service,availability,severe
3951,ecu,denial_of_service,availability,severe
3952,ecu,denial_of_service,availability,severe
3953,lidar,denial_of_service,availability,severe
3954,ecu,denial_of_service,availability,severe
3955,ecu,denial_of_service,availability,severe
3956,ecu,denial_of_service,confidentiality,severe
3957,camera,denial_of_service,availability,severe
3958,ecu,denial_of_service,availability,severe
3959,ecu,denial_of_service,availability,severe
3960,ecu,denial_of_service,integrity,severe
3961,ecu,denial_of_service,integrity,severe
3962,lidar,denial_of_service,availability,severe
3963,gps,denial_of_service,availability,severe
3964,camera,denial_of_service,availability,severe
3965,v2x_module,denial_of_service,availability,severe
3966,tire_pressure,denial_of_service,availability,severe
3967,v2x_module,denial_of_service,availability,inconsequential
3968,ota_module,denial_of_service,integrity,severe
3969,lidar,denial_of_service,availability,severe
3970,lidar,denial_of_service,availability,severe
3971,camera,denial_of_service,availability,severe
3972,lidar,denial_of_service,integrity,severe
3973,tire_pressure,denial_of_service,integrity,severe
3974,ota_module,denial_of_service,availability,severe
3975,ecu,denial_of_service,availability,severe
3976,tire_pressure,denial_of_service,availability,severe
3977,lidar,denial_of_service,availability,inconsequential
3978,can_bus,denial_of_service,availability,severe
3979,lidar,denial_of_service,availability,severe
3980,lidar,denial_of_service,availability,severe
3981,ecu,denial_of_service,availability,severe
3982,ota_module,denial_of_service,availability,severe
3983,can_bus,denial_of_service,confidentiality,severe
3984,lidar,denial_of_service,integrity,severe
3985,ecu,denial_of_service,availability,severe
3986,gps,denial_of_service,confidentiality,severe
3987,lidar,denial_of_service,availability,severe
3988,camera,denial_of_service,integrity,severe
3989,lidar,denial_of_service,availability,inconsequential
3990,camera,denial_of_service,availability,severe
3991,tire_pressure,denial_of_service,availability,severe
3992,tire_pressure,denial_of_service,availability,severe
3993,v2x_module,denial_of_service,integrity,severe
3994,v2x_module,denial_of_service,availability,severe
3995,lidar,denial_of_service,availability,severe
3996,gps,denial_of_service,integrity,severe
3997,ecu,denial_of_service,availability,severe
3998,ota_module,denial_of_service,availability,severe
3999,can_bus,denial_of_service,availability,severe
4000,v2x_module,denial_of_service,integrity,severe
4001,gps,denial_of_service,integrity,severe
4002,gps,denial_of_service,availability,severe
4003,ecu,denial_of_service,availability,severe
4004,camera,denial_of_service,confidentiality,severe
4005,can_bus,denial_of_service,integrity,severe
4006,camera,denial_of_service,availability,inconsequential
4007,tire_pressure,denial_of_service,availability,severe
4008,v2x_module,denial_of_service,availability,major
4009,gps,denial_of_service,integrity,severe
4010,camera,denial_of_service,availability,severe
4011,tire_pressure,denial_of_service,availability,severe
4012,ota_module,denial_of_service,availability,severe
4013,camera,denial_of_service,availability,severe
4014,ota_module,denial_of_service,availability,inconsequential
4015,camera,denial_of_service,availability,severe
4016,ota_module,denial_of_service,availability,severe
4017,ecu,denial_of_service,availability,severe
4018,gps,denial_of_service,integrity,severe
4019,v2x_module,denial_of_service,availability,severe
4020,camera,denial_of_service,integrity,severe
4021,ota_module,denial_of_service,availability,severe
4022,tire_pressure,denial_of_service,integrity,severe
4023,lidar,denial_of_service,availability,moderate
4024,can_bus,denial_of_service,availability,severe
4025,can_bus,denial_of_service,integrity,severe
4026,v2x_module,denial_of_service,availability,severe
4027,lidar,denial_of_service,availability,severe
4028,can_bus,denial_of_service,availability,severe
4029,lidar,denial_of_service,availability,severe
4030,lidar,denial_of_service,availability,severe
4031,v2x_module,denial_of_service,availability,severe
4032,v2x_module,denial_of_service,availability,severe
4033,ecu,denial_of_service,availability,severe
4034,tire_pressure,denial_of_service,integrity,severe
4035,v2x_module,denial_of_service,availability,severe
4036,tire_pressure,denial_of_service,availability,severe
4037,camera,denial_of_service,availability,severe
4038,tire_pressure,denial_of_service,availability,severe
4039,can_bus,denial_of_service,integrity,severe
4040,lidar,denial_of_service,integrity,severe
4041,ecu,denial_of_service,availability,severe
4042,can_bus,denial_of_service,availability,severe
4043,tire_pressure,denial_of_service,availability,severe
4044,tire_pressure,denial_of_service,availability,severe
4045,gps,denial_of_service,availability,severe
4046,camera,denial_of_service,availability,severe
4047,v2x_module,denial_of_service,availability,severe
4048,camera,denial_of_service,availability,severe
4049,can_bus,denial_of_service,availability,severe
4050,gps,denial_of_service,integrity,severe
4051,can_bus,denial_of_service,availability,severe
4052,camera,denial_of_service,availability,severe
4053,lidar,denial_of_service,availability,severe
4054,lidar,denial_of_service,integrity,severe
4055,ecu,denial_of_service,availability,severe
4056,ecu,denial_of_service,availability,severe
4057,lidar,denial_of_service,availability,severe
4058,lidar,denial_of_service,availability,severe
4059,gps,denial_of_service,availability,severe
4060,lidar,denial_of_service,availability,severe
4061,ecu,denial_of_service,availability,severe
4062,gps,denial_of_service,availability,severe
4063,camera,denial_of_service,availability,severe
4064,ota_module,denial_of_service,integrity,severe
4065,v2x_module,denial_of_service,integrity,severe
4066,v2x_module,denial_of_service,availability,severe
4067,gps,denial_of_service,availability,moderate
4068,ota_module,denial_of_service,confidentiality,severe
4069,v2x_module,denial_of_service,integrity,severe
4070,lidar,denial_of_service,availability,severe
4071,ota_module,denial_of_service,integrity,severe
4072,gps,denial_of_service,availability,severe
4073,camera,denial_of_service,availability,severe
4074,can_bus,denial_of_service,integrity,severe
4075,ota_module,denial_of_service,availability,severe
4076,v2x_module,denial_of_service,integrity,severe
4077,ecu,denial_of_service,availability,severe
4078,ecu,denial_of_service,integrity,severe
4079,camera,denial_of_service,availability,severe
4080,tire_pressure,denial_of_service,integrity,severe
4081,gps,denial_of_service,integrity,severe
4082,ecu,denial_of_service,availability,severe
4083,can_bus,denial_of_service,availability,severe
4084,ecu,denial_of_service,integrity,severe
4085,v2x_module,denial_of_service,availability,severe
4086,gps,denial_of_service,availability,inconsequential
4087,can_bus,denial_of_service,integrity,severe
4088,tire_pressure,denial_of_service,availability,severe
4089,camera,denial_of_service,integrity,severe
4090,ota_module,denial_of_service,confidentiality,severe
4091,v2x_module,denial_of_service,availability,severe
4092,ota_module,denial_of_service,availability,severe
4093,ota_module,denial_of_service,integrity,severe
4094,tire_pressure,denial_of_service,availability,severe
4095,gps,denial_of_service,availability,severe
4096,v2x_module,denial_of_service,availability,severe
4097,v2x_module,denial_of_service,availability,severe
4098,gps,denial_of_service,availability,severe
4099,camera,denial_of_service,integrity,severe
4100,gps,denial_of_service,integrity,severe
4101,ota_module,denial_of_service,availability,severe
4102,camera,denial_of_service,availability,severe
4103,ota_module,denial_of_service,availability,severe
4104,ecu,denial_of_service,availability,severe
4105,lidar,denial_of_service,availability,severe
4106,gps,denial_of_service,availability,severe
4107,gps,denial_of_service,availability,severe
4108,v2x_module,denial_of_service,availability,severe
4109,camera,denial_of_service,availability,severe
4110,gps,denial_of_service,availability,severe
4111,ota_module,denial_of_service,confidentiality,severe
4112,lidar,denial_of_service,availability,severe
4113,ota_module,denial_of_service,availability,severe
4114,ota_module,denial_of_service,availability,severe
4115,gps,denial_of_service,availability,severe
4116,lidar,denial_of_service,availability,severe
4117,gps,denial_of_service,integrity,severe
4118,camera,denial_of_service,availability,severe
4119,can_bus,denial_of_service,integrity,severe
4120,lidar,denial_of_service,availability,moderate
4121,ota_module,denial_of_service,availability,severe
4122,tire_pressure,denial_of_service,availability,severe
4123,camera,denial_of_service,integrity,severe
4124,v2x_module,denial_of_service,availability,severe
4125,lidar,denial_of_service,availability,severe
4126,lidar,denial_of_service,availability,severe
4127,can_bus,denial_of_service,confidentiality,severe
4128,ota_module,denial_of_service,integrity,severe
4129,gps,denial_of_service,availability,severe
4130,gps,denial_of_service,availability,severe
4131,can_bus,denial_of_service,integrity,severe
4132,v2x_module,denial_of_service,integrity,severe
4133,tire_pressure,denial_of_service,integrity,severe
4134,v2x_module,denial_of_service,availability,severe
4135,tire_pressure,denial_of_service,availability,severe
4136,gps,denial_of_service,availability,severe
4137,tire_pressure,denial_of_service,confidentiality,severe
4138,camera,denial_of_service,integrity,severe
4139,tire_pressure,denial_of_service,availability,severe
4140,camera,denial_of_service,availability,severe
4141,lidar,denial_of_service,availability,severe
4142,camera,denial_of_service,availability,severe
4143,gps,denial_of_service,availability,severe
4144,tire_pressure,denial_of_service,availability,inconsequential
4145,tire_pressure,denial_of_service,availability,severe
4146,lidar,denial_of_service,availability,severe
4147,ota_module,denial_of_service,availability,severe
4148,camera,denial_of_service,availability,severe
4149,ota_module,denial_of_service,confidentiality,severe
4150,tire_pressure,denial_of_service,availability,severe
4151,ecu,denial_of_service,availability,severe
4152,can_bus,denial_of_service,availability,severe
4153,v2x_module,denial_of_service,availability,severe
4154,lidar,denial_of_service,availability,severe
4155,v2x_module,denial_of_service,availability,severe
4156,v2x_module,denial_of_service,availability,severe
4157,can_bus,denial_of_service,availability,major
4158,ota_module,denial_of_service,availability,major
4159,ecu,denial_of_service,availability,severe
4160,can_bus,denial_of_service,availability,severe
4161,camera,denial_of_service,availability,severe
4162,gps,denial_of_service,availability,severe
4163,ota_module,denial_of_service,availability,severe
4164,gps,denial_of_service,availability,severe
4165,ota_module,denial_of_service,confidentiality,severe
4166,v2x_module,denial_of_service,integrity,inconsequential
4167,v2x_module,denial_of_service,integrity,major
4168,lidar,denial_of_service,integrity,severe
4169,v2x_module,denial_of_service,integrity,severe
4170,lidar,denial_of_service,availability,major
4171,can_bus,denial_of_service,integrity,severe
4172,v2x_module,denial_of_service,availability,severe
4173,camera,denial_of_service,availability,severe
4174,gps,denial_of_service,availability,severe
4175,camera,denial_of_service,availability,major
4176,camera,denial_of_service,availability,severe
4177,gps,denial_of_service,integrity,severe
4178,lidar,denial_of_service,availability,severe
4179,v2x_module,denial_of_service,availability,moderate
4180,lidar,denial_of_service,availability,severe
4181,gps,denial_of_service,availability,severe
4182,can_bus,denial_of_service,availability,severe
4183,camera,denial_of_service,availability,severe
4184,ecu,denial_of_service,availability,severe
4185,ecu,denial_of_service,availability,severe
4186,gps,denial_of_service,integrity,severe
4187,ota_module,denial_of_service,availability,severe
4188,camera,denial_of_service,availability,severe
4189,camera,denial_of_service,availability,severe
4190,camera,denial_of_service,availability,severe
4191,ota_module,denial_of_service,availability,severe
4192,gps,denial_of_service,availability,severe
4193,ota_module,denial_of_service,availability,severe
4194,gps,denial_of_service,availability,severe
4195,lidar,denial_of_service,availability,severe
4196,camera,denial_of_service,integrity,severe
4197,v2x_module,denial_of_service,availability,severe
4198,ecu,denial_of_service,availability,moderate
4199,lidar,denial_of_service,integrity,moderate
4200,ota_module,denial_of_service,availability,severe
4201,can_bus,denial_of_service,availability,severe
4202,ecu,denial_of_service,availability,severe
4203,tire_pressure,denial_of_service,availability,severe
4204,v2x_module,denial_of_service,availability,severe
4205,can_bus,denial_of_service,integrity,severe
4206,ota_module,denial_of_service,confidentiality,severe
4207,camera,denial_of_service,confidentiality,severe
4208,tire_pressure,denial_of_service,availability,severe
4209,lidar,denial_of_service,availability,severe
4210,tire_pressure,denial_of_service,availability,severe
4211,tire_pressure,denial_of_service,availability,severe
4212,v2x_module,denial_of_service,integrity,severe
4213,tire_pressure,denial_of_service,availability,severe
4214,camera,denial_of_service,integrity,severe
4215,can_bus,denial_of_service,integrity,severe
4216,ecu,denial_of_service,integrity,severe
4217,can_bus,denial_of_service,availability,severe
4218,lidar,denial_of_service,integrity,severe
4219,gps,denial_of_service,availability,severe
4220,gps,denial_of_service,availability,severe
4221,ota_module,denial_of_service,availability,major
4222,can_bus,denial_of_service,integrity,severe
4223,lidar,denial_of_service,availability,severe
4224,tire_pressure,denial_of_service,integrity,severe
4225,ecu,denial_of_service,availability,severe
4226,ota_module,denial_of_service,availability,severe
4227,camera,denial_of_service,availability,severe
4228,can_bus,denial_of_service,availability,inconsequential
4229,ecu,denial_of_service,availability,major
4230,tire_pressure,denial_of_service,integrity,severe
4231,gps,denial_of_service,availability,severe
4232,ota_module,denial_of_service,availability,severe
4233,camera,denial_of_service,availability,severe
4234,can_bus,denial_of_service,integrity,severe
4235,can_bus,denial_of_service,integrity,severe
4236,lidar,denial_of_service,integrity,severe
4237,ota_module,denial_of_service,availability,severe
4238,lidar,denial_of_service,availability,severe
4239,tire_pressure,denial_of_service,availability,severe
4240,tire_pressure,denial_of_service,availability,severe
4241,v2x_module,denial_of_service,integrity,severe
4242,lidar,denial_of_service,confidentiality,severe
4243,v2x_module,denial_of_service,integrity,major
4244,camera,denial_of_service,availability,severe
4245,can_bus,denial_of_service,availability,severe
4246,gps,denial_of_service,availability,severe
4247,lidar,denial_of_service,integrity,severe
4248,can_bus,denial_of_service,availability,severe
4249,gps,denial_of_service,availability,severe
4250,v2x_module,denial_of_service,availability,severe
4251,ota_module,denial_of_service,availability,severe
4252,camera,denial_of_service,integrity,inconsequential
4253,can_bus,denial_of_service,integrity,severe
4254,camera,denial_of_service,availability,severe
4255,can_bus,denial_of_service,availability,severe
4256,v2x_module,denial_of_service,integrity,severe
4257,tire_pressure,denial_of_service,availability,severe
4258,ecu,denial_of_service,availability,severe
4259,tire_pressure,denial_of_service,integrity,moderate
4260,lidar,denial_of_service,integrity,severe
4261,camera,denial_of_service,integrity,severe
4262,v2x_module,denial_of_service,availability,severe
4263,ota_module,denial_of_service,availability,severe
4264,ota_module,denial_of_service,integrity,severe
4265,gps,denial_of_service,confidentiality,severe
4266,can_bus,denial_of_service,availability,severe
4267,camera,denial_of_service,availability,severe
4268,ota_module,denial_of_service,integrity,severe
4269,tire_pressure,denial_of_service,availability,severe
4270,camera,denial_of_service,availability,severe
4271,can_bus,denial_of_service,availability,major
4272,v2x_module,denial_of_service,availability,severe
4273,gps,denial_of_service,availability,severe
4274,gps,denial_of_service,availability,severe
4275,can_bus,denial_of_service,confidentiality,severe
4276,lidar,denial_of_service,availability,severe
4277,ota_module,denial_of_service,availability,inconsequential
4278,tire_pressure,denial_of_service,availability,severe
4279,lidar,denial_of_service,integrity,severe
4280,ecu,denial_of_service,availability,severe
4281,ecu,denial_of_service,availability,severe
4282,gps,denial_of_service,availability,severe
4283,tire_pressure,denial_of_service,integrity,severe
4284,camera,denial_of_service,integrity,severe
4285,ecu,denial_of_service,availability,severe
4286,tire_pressure,denial_of_service,availability,severe
4287,can_bus,denial_of_service,availability,severe
4288,ota_module,denial_of_service,availability,severe
4289,can_bus,denial_of_service,integrity,severe
4290,gps,denial_of_service,availability,severe
4291,ota_module,denial_of_service,confidentiality,severe
4292,ecu,denial_of_service,availability,severe
4293,lidar,denial_of_service,availability,moderate
4294,camera,denial_of_service,availability,severe
4295,camera,denial_of_service,availability,severe
4296,tire_pressure,denial_of_service,availability,severe
4297,ecu,denial_of_service,availability,severe
4298,tire_pressure,denial_of_service,availability,severe
4299,v2x_module,denial_of_service,availability,severe
4300,camera,denial_of_service,availability,severe
4301,lidar,denial_of_service,availability,severe
4302,gps,denial_of_service,availability,severe
4303,lidar,denial_of_service,availability,inconsequential
4304,gps,denial_of_service,availability,severe
4305,v2x_module,denial_of_service,integrity,severe
4306,camera,denial_of_service,availability,inconsequential
4307,gps,denial_of_service,availability,severe
4308,can_bus,denial_of_service,availability,severe
4309,ecu,denial_of_service,integrity,severe
4310,lidar,denial_of_service,availability,severe
4311,ecu,denial_of_service,availability,severe
4312,lidar,denial_of_service,integrity,severe
4313,lidar,denial_of_service,availability,severe
4314,tire_pressure,denial_of_service,confidentiality,moderate
4315,ota_module,denial_of_service,availability,severe
4316,camera,denial_of_service,availability,severe
4317,tire_pressure,denial_of_service,integrity,severe
4318,ota_module,denial_of_service,availability,severe
4319,ecu,denial_of_service,confidentiality,severe
4320,ota_module,denial_of_service,availability,severe
4321,tire_pressure,denial_of_service,availability,severe
4322,can_bus,denial_of_service,availability,severe
4323,v2x_module,denial_of_service,integrity,severe
4324,lidar,denial_of_service,integrity,severe
4325,ecu,denial_of_service,availability,severe
4326,ecu,denial_of_service,availability,severe
4327,v2x_module,denial_of_service,availability,severe
4328,ecu,denial_of_service,availability,inconsequential
4329,camera,denial_of_service,availability,severe
4330,camera,denial_of_service,availability,moderate
4331,camera,denial_of_service,availability,severe
4332,ecu,denial_of_service,availability,severe
4333,tire_pressure,denial_of_service,availability,severe
4334,camera,denial_of_service,availability,severe
4335,gps,denial_of_service,availability,severe
4336,gps,denial_of_service,availability,severe
4337,lidar,denial_of_service,availability,severe
4338,camera,denial_of_service,availability,severe
4339,tire_pressure,denial_of_service,availability,severe
4340,tire_pressure,denial_of_service,availability,severe
4341,lidar,denial_of_service,integrity,severe
4342,can_bus,denial_of_service,availability,severe
4343,can_bus,denial_of_service,availability,severe
4344,camera,denial_of_service,availability,severe
4345,camera,denial_of_service,integrity,severe
4346,ecu,denial_of_service,availability,severe
4347,tire_pressure,denial_of_service,availability,severe
4348,can_bus,denial_of_service,availability,severe
4349,ecu,denial_of_service,availability,severe
4350,camera,denial_of_service,integrity,major
4351,ota_module,denial_of_service,integrity,severe
4352,camera,denial_of_service,availability,severe
4353,gps,denial_of_service,availability,major
4354,tire_pressure,denial_of_service,availability,severe
4355,ota_module,denial_of_service,availability,severe
4356,tire_pressure,denial_of_service,availability,severe
4357,can_bus,denial_of_service,availability,severe
4358,can_bus,denial_of_service,availability,severe
4359,v2x_module,denial_of_service,integrity,severe
4360,lidar,denial_of_service,integrity,severe
4361,camera,denial_of_service,availability,severe
4362,v2x_module,denial_of_service,availability,severe
4363,can_bus,denial_of_service,availability,severe
4364,can_bus,denial_of_service,availability,severe
4365,lidar,denial_of_service,availability,major
4366,gps,denial_of_service,availability,severe
4367,ecu,denial_of_service,availability,severe
4368,v2x_module,denial_of_service,availability,severe
4369,ecu,denial_of_service,availability,severe
4370,camera,denial_of_service,availability,moderate
4371,lidar,denial_of_service,availability,severe
4372,v2x_module,denial_of_service,availability,major
4373,ecu,denial_of_service,integrity,severe
4374,ota_module,denial_of_service,integrity,severe
4375,can_bus,denial_of_service,integrity,severe
4376,ota_module,denial_of_service,availability,moderate
4377,camera,denial_of_service,availability,inconsequential
4378,gps,denial_of_service,availability,severe
4379,gps,denial_of_service,availability,severe
4380,ecu,denial_of_service,availability,severe
4381,ecu,denial_of_service,availability,severe
4382,tire_pressure,denial_of_service,availability,severe
4383,gps,denial_of_service,availability,severe
4384,lidar,denial_of_service,availability,major
4385,tire_pressure,denial_of_service,availability,severe
4386,camera,denial_of_service,availability,severe
4387,can_bus,denial_of_service,integrity,severe
4388,ecu,denial_of_service,availability,severe
4389,gps,denial_of_service,availability,severe
4390,can_bus,denial_of_service,availability,severe
4391,camera,denial_of_service,availability,severe
4392,lidar,denial_of_service,availability,severe
4393,ecu,denial_of_service,integrity,severe
4394,lidar,denial_of_service,availability,severe
4395,ota_module,denial_of_service,availability,severe
4396,gps,denial_of_service,availability,severe
4397,tire_pressure,denial_of_service,confidentiality,severe
4398,tire_pressure,denial_of_service,confidentiality,severe
4399,v2x_module,denial_of_service,integrity,severe
4400,ecu,denial_of_service,availability,severe
4401,ecu,denial_of_service,availability,severe
4402,camera,denial_of_service,availability,severe
4403,gps,denial_of_service,availability,severe
4404,camera,denial_of_service,confidentiality,severe
4405,gps,denial_of_service,availability,severe
4406,tire_pressure,denial_of_service,availability,severe
4407,tire_pressure,denial_of_service,availability,severe
4408,tire_pressure,denial_of_service,availability,severe
4409,gps,denial_of_service,availability,severe
4410,tire_pressure,denial_of_service,availability,major
4411,camera,denial_of_service,availability,severe
4412,ota_module,denial_of_service,integrity,severe
4413,camera,denial_of_service,integrity,severe
4414,gps,denial_of_service,integrity,severe
4415,ecu,denial_of_service,availability,moderate
4416,ecu,denial_of_service,availability,moderate
4417,gps,denial_of_service,integrity,severe
4418,can_bus,denial_of_service,integrity,severe
4419,camera,denial_of_service,integrity,severe
4420,can_bus,denial_of_service,availability,severe
4421,ota_module,denial_of_service,availability,severe
4422,can_bus,denial_of_service,availability,severe
4423,tire_pressure,denial_of_service,availability,severe
4424,v2x_module,denial_of_service,availability,severe
4425,v2x_module,denial_of_service,availability,severe
4426,lidar,denial_of_service,availability,severe
4427,camera,denial_of_service,availability,severe
4428,v2x_module,denial_of_service,availability,severe
4429,ota_module,denial_of_service,availability,severe
4430,tire_pressure,denial_of_service,availability,severe
4431,can_bus,denial_of_service,availability,severe
4432,ecu,denial_of_service,availability,severe
4433,v2x_module,denial_of_service,availability,severe
4434,ecu,denial_of_service,availability,severe
4435,ecu,denial_of_service,confidentiality,severe
4436,lidar,denial_of_service,availability,severe
4437,camera,denial_of_service,availability,severe
4438,v2x_module,denial_of_service,availability,severe
4439,gps,denial_of_service,availability,severe
4440,can_bus,denial_of_service,availability,major
4441,camera,denial_of_service,integrity,severe
4442,v2x_module,denial_of_service,confidentiality,severe
4443,v2x_module,denial_of_service,availability,moderate
4444,ecu,denial_of_service,availability,severe
4445,ota_module,denial_of_service,integrity,severe
4446,can_bus,denial_of_service,integrity,severe
4447,camera,denial_of_service,availability,severe
4448,v2x_module,denial_of_service,integrity,severe
4449,lidar,denial_of_service,integrity,severe
4450,ota_module,denial_of_service,integrity,severe
4451,tire_pressure,denial_of_service,availability,severe
4452,camera,denial_of_service,availability,severe
4453,gps,denial_of_service,integrity,severe
4454,gps,denial_of_service,confidentiality,severe
4455,gps,denial_of_service,availability,inconsequential
4456,v2x_module,denial_of_service,availability,severe
4457,v2x_module,denial_of_service,availability,major
4458,gps,denial_of_service,integrity,moderate
4459,gps,denial_of_service,integrity,severe
4460,ota_module,denial_of_service,availability,severe
4461,can_bus,denial_of_service,availability,severe
4462,gps,denial_of_service,availability,severe
4463,gps,denial_of_service,availability,severe
4464,ota_module,denial_of_service,confidentiality,severe
4465,tire_pressure,denial_of_service,availability,severe
4466,ecu,denial_of_service,integrity,severe
4467,lidar,denial_of_service,availability,severe
4468,gps,denial_of_service,availability,severe
4469,ota_module,denial_of_service,availability,severe
4470,lidar,denial_of_service,availability,severe
4471,ota_module,denial_of_service,integrity,severe
4472,camera,denial_of_service,integrity,severe
4473,v2x_module,denial_of_service,integrity,severe
4474,ecu,denial_of_service,availability,severe
4475,ecu,denial_of_service,availability,severe
4476,ecu,denial_of_service,availability,severe
4477,ota_module,denial_of_service,availability,severe
4478,ota_module,denial_of_service,availability,severe
4479,gps,denial_of_service,integrity,severe
4480,lidar,denial_of_service,availability,severe
4481,ecu,denial_of_service,availability,severe
4482,lidar,denial_of_service,availability,severe
4483,tire_pressure,denial_of_service,availability,inconsequential
4484,camera,denial_of_service,availability,severe
4485,ecu,denial_of_service,availability,severe
4486,lidar,denial_of_service,availability,severe
4487,tire_pressure,denial_of_service,availability,severe
4488,ecu,denial_of_service,availability,severe
4489,lidar,denial_of_service,confidentiality,severe
4490,camera,denial_of_service,integrity,inconsequential
4491,ota_module,denial_of_service,availability,severe
4492,can_bus,denial_of_service,availability,major
4493,v2x_module,denial_of_service,availability,severe
4494,ecu,denial_of_service,availability,severe
4495,ecu,denial_of_service,availability,severe
4496,lidar,denial_of_service,availability,severe
4497,ota_module,denial_of_service,availability,inconsequential
4498,gps,denial_of_service,integrity,severe
4499,v2x_module,denial_of_service,confidentiality,severe
4500,ota_module,denial_of_service,availability,severe
4501,gps,elevation_of_privilege,availability,severe
4502,can_bus,elevation_of_privilege,integrity,severe
4503,camera,elevation_of_privilege,integrity,severe
4504,v2x_module,elevation_of_privilege,integrity,severe
4505,lidar,elevation_of_privilege,integrity,severe
4506,lidar,elevation_of_privilege,confidentiality,severe
4507,ota_module,elevation_of_privilege,confidentiality,severe
4508,ota_module,elevation_of_privilege,integrity,severe
4509,tire_pressure,elevation_of_privilege,availability,severe
4510,can_bus,elevation_of_privilege,integrity,severe
4511,lidar,elevation_of_privilege,integrity,major
4512,can_bus,elevation_of_privilege,integrity,severe
4513,can_bus,elevation_of_privilege,integrity,inconsequential
4514,lidar,elevation_of_privilege,availability,severe
4515,v2x_module,elevation_of_privilege,integrity,severe
4516,lidar,elevation_of_privilege,integrity,severe
4517,v2x_module,elevation_of_privilege,confidentiality,severe
4518,ecu,elevation_of_privilege,integrity,severe
4519,lidar,elevation_of_privilege,integrity,major
4520,camera,elevation_of_privilege,integrity,severe
4521,tire_pressure,elevation_of_privilege,confidentiality,severe
4522,lidar,elevation_of_privilege,integrity,severe
4523,lidar,elevation_of_privilege,integrity,severe
4524,v2x_module,elevation_of_privilege,integrity,severe
4525,can_bus,elevation_of_privilege,integrity,severe
4526,tire_pressure,elevation_of_privilege,integrity,severe
4527,lidar,elevation_of_privilege,integrity,severe
4528,tire_pressure,elevation_of_privilege,confidentiality,severe
4529,v2x_module,elevation_of_privilege,availability,severe
4530,gps,elevation_of_privilege,confidentiality,severe
4531,tire_pressure,elevation_of_privilege,integrity,severe
4532,camera,elevation_of_privilege,integrity,severe
4533,v2x_module,elevation_of_privilege,confidentiality,severe
4534,can_bus,elevation_of_privilege,availability,severe
4535,can_bus,elevation_of_privilege,integrity,major
4536,ota_module,elevation_of_privilege,availability,severe
4537,lidar,elevation_of_privilege,integrity,severe
4538,ota_module,elevation_of_privilege,integrity,severe
4539,ota_module,elevation_of_privilege,integrity,severe
4540,lidar,elevation_of_privilege,confidentiality,severe
4541,gps,elevation_of_privilege,confidentiality,severe
4542,camera,elevation_of_privilege,integrity,severe
4543,v2x_module,elevation_of_privilege,availability,severe
4544,gps,elevation_of_privilege,integrity,severe
4545,can_bus,elevation_of_privilege,integrity,severe
4546,ecu,elevation_of_privilege,confidentiality,severe
4547,v2x_module,elevation_of_privilege,availability,inconsequential
4548,ota_module,elevation_of_privilege,confidentiality,severe
4549,camera,elevation_of_privilege,integrity,severe
4550,ota_module,elevation_of_privilege,availability,severe
4551,ota_module,elevation_of_privilege,availability,severe
4552,camera,elevation_of_privilege,availability,severe
4553,tire_pressure,elevation_of_privilege,availability,severe
4554,can_bus,elevation_of_privilege,integrity,severe
4555,v2x_module,elevation_of_privilege,availability,severe
4556,camera,elevation_of_privilege,integrity,severe
4557,tire_pressure,elevation_of_privilege,availability,severe
4558,v2x_module,elevation_of_privilege,availability,severe
4559,v2x_module,elevation_of_privilege,integrity,moderate
4560,camera,elevation_of_privilege,integrity,severe
4561,v2x_module,elevation_of_privilege,integrity,severe
4562,camera,elevation_of_privilege,integrity,severe
4563,v2x_module,elevation_of_privilege,availability,severe
4564,tire_pressure,elevation_of_privilege,integrity,severe
4565,ota_module,elevation_of_privilege,integrity,severe
4566,gps,elevation_of_privilege,integrity,severe
4567,can_bus,elevation_of_privilege,confidentiality,inconsequential
4568,v2x_module,elevation_of_privilege,availability,severe
4569,can_bus,elevation_of_privilege,integrity,moderate
4570,can_bus,elevation_of_privilege,availability,severe
4571,tire_pressure,elevation_of_privilege,integrity,severe
4572,lidar,elevation_of_privilege,integrity,severe
4573,gps,elevation_of_privilege,integrity,severe
4574,gps,elevation_of_privilege,integrity,severe
4575,v2x_module,elevation_of_privilege,integrity,severe
4576,can_bus,elevation_of_privilege,confidentiality,severe
4577,can_bus,elevation_of_privilege,confidentiality,severe
4578,v2x_module,elevation_of_privilege,availability,severe
4579,ota_module,elevation_of_privilege,availability,severe
4580,can_bus,elevation_of_privilege,integrity,severe
4581,can_bus,elevation_of_privilege,confidentiality,severe
4582,ecu,elevation_of_privilege,integrity,severe
4583,lidar,elevation_of_privilege,integrity,severe
4584,tire_pressure,elevation_of_privilege,availability,severe
4585,lidar,elevation_of_privilege,integrity,severe
4586,tire_pressure,elevation_of_privilege,confidentiality,severe
4587,lidar,elevation_of_privilege,integrity,severe
4588,tire_pressure,elevation_of_privilege,integrity,severe
4589,gps,elevation_of_privilege,integrity,severe
4590,ecu,elevation_of_privilege,confidentiality,severe
4591,gps,elevation_of_privilege,integrity,severe
4592,tire_pressure,elevation_of_privilege,availability,major
4593,camera,elevation_of_privilege,integrity,severe
4594,ecu,elevation_of_privilege,availability,severe
4595,can_bus,elevation_of_privilege,confidentiality,major
4596,can_bus,elevation_of_privilege,confidentiality,severe
4597,can_bus,elevation_of_privilege,integrity,severe
4598,ecu,elevation_of_privilege,integrity,severe
4599,ota_module,elevation_of_privilege,integrity,severe
4600,ecu,elevation_of_privilege,integrity,severe
4601,ecu,elevation_of_privilege,integrity,severe
4602,ota_module,elevation_of_privilege,integrity,severe
4603,lidar,elevation_of_privilege,integrity,severe
4604,ecu,elevation_of_privilege,integrity,severe
4605,ota_module,elevation_of_privilege,confidentiality,severe
4606,gps,elevation_of_privilege,confidentiality,severe
4607,lidar,elevation_of_privilege,availability,severe
4608,v2x_module,elevation_of_privilege,integrity,severe
4609,v2x_module,elevation_of_privilege,availability,severe
4610,camera,elevation_of_privilege,integrity,severe
4611,camera,elevation_of_privilege,integrity,major
4612,tire_pressure,elevation_of_privilege,availability,severe
4613,ota_module,elevation_of_privilege,integrity,severe
4614,can_bus,elevation_of_privilege,integrity,severe
4615,can_bus,elevation_of_privilege,confidentiality,severe
4616,can_bus,elevation_of_privilege,availability,inconsequential
4617,ota_module,elevation_of_privilege,integrity,severe
4618,v2x_module,elevation_of_privilege,integrity,severe
4619,v2x_module,elevation_of_privilege,integrity,severe
4620,can_bus,elevation_of_privilege,integrity,moderate
4621,camera,elevation_of_privilege,integrity,severe
4622,tire_pressure,elevation_of_privilege,availability,severe
4623,ecu,elevation_of_privilege,integrity,severe
4624,v2x_module,elevation_of_privilege,availability,severe
4625,lidar,elevation_of_privilege,integrity,severe
4626,ecu,elevation_of_privilege,confidentiality,severe
4627,v2x_module,elevation_of_privilege,integrity,severe
4628,camera,elevation_of_privilege,integrity,severe
4629,lidar,elevation_of_privilege,confidentiality,severe
4630,lidar,elevation_of_privilege,integrity,severe
4631,ecu,elevation_of_privilege,integrity,inconsequential
4632,ecu,elevation_of_privilege,availability,severe
4633,ota_module,elevation_of_privilege,confidentiality,severe
4634,gps,elevation_of_privilege,availability,severe
4635,tire_pressure,elevation_of_privilege,availability,severe
4636,v2x_module,elevation_of_privilege,integrity,severe
4637,ecu,elevation_of_privilege,confidentiality,severe
4638,v2x_module,elevation_of_privilege,integrity,severe
4639,v2x_module,elevation_of_privilege,availability,severe
4640,can_bus,elevation_of_privilege,integrity,severe
4641,lidar,elevation_of_privilege,integrity,severe
4642,camera,elevation_of_privilege,integrity,severe
4643,ota_module,elevation_of_privilege,integrity,severe
4644,can_bus,elevation_of_privilege,confidentiality,severe
4645,lidar,elevation_of_privilege,integrity,major
4646,ota_module,elevation_of_privilege,integrity,severe
4647,tire_pressure,elevation_of_privilege,integrity,severe
4648,v2x_module,elevation_of_privilege,availability,severe
4649,lidar,elevation_of_privilege,availability,severe
4650,ecu,elevation_of_privilege,integrity,major
4651,tire_pressure,elevation_of_privilege,integrity,severe
4652,camera,elevation_of_privilege,integrity,severe
4653,can_bus,elevation_of_privilege,confidentiality,severe
4654,ota_module,elevation_of_privilege,integrity,severe
4655,ecu,elevation_of_privilege,integrity,inconsequential
4656,lidar,elevation_of_privilege,integrity,severe
4657,gps,elevation_of_privilege,integrity,severe
4658,v2x_module,elevation_of_privilege,integrity,severe
4659,camera,elevation_of_privilege,availability,severe
4660,tire_pressure,elevation_of_privilege,integrity,severe
4661,v2x_module,elevation_of_privilege,integrity,severe
4662,ota_module,elevation_of_privilege,availability,severe
4663,lidar,elevation_of_privilege,integrity,severe
4664,tire_pressure,elevation_of_privilege,availability,moderate
4665,tire_pressure,elevation_of_privilege,confidentiality,severe
4666,can_bus,elevation_of_privilege,integrity,severe
4667,ecu,elevation_of_privilege,integrity,severe
4668,gps,elevation_of_privilege,confidentiality,severe
4669,tire_pressure,elevation_of_privilege,confidentiality,severe
4670,tire_pressure,elevation_of_privilege,availability,severe
4671,ota_module,elevation_of_privilege,confidentiality,severe
4672,tire_pressure,elevation_of_privilege,integrity,moderate
4673,lidar,elevation_of_privilege,confidentiality,severe
4674,can_bus,elevation_of_privilege,integrity,severe
4675,tire_pressure,elevation_of_privilege,confidentiality,severe
4676,ecu,elevation_of_privilege,integrity,severe
4677,gps,elevation_of_privilege,integrity,severe
4678,lidar,elevation_of_privilege,integrity,severe
4679,ota_module,elevation_of_privilege,integrity,severe
4680,can_bus,elevation_of_privilege,availability,inconsequential
4681,lidar,elevation_of_privilege,integrity,severe
4682,v2x_module,elevation_of_privilege,integrity,major
4683,ecu,elevation_of_privilege,confidentiality,severe
4684,ecu,elevation_of_privilege,integrity,severe
4685,lidar,elevation_of_privilege,integrity,severe
4686,tire_pressure,elevation_of_privilege,integrity,severe
4687,tire_pressure,elevation_of_privilege,integrity,moderate
4688,tire_pressure,elevation_of_privilege,integrity,severe
4689,can_bus,elevation_of_privilege,confidentiality,severe
4690,gps,elevation_of_privilege,availability,severe
4691,ecu,elevation_of_privilege,integrity,severe
4692,lidar,elevation_of_privilege,integrity,severe
4693,ecu,elevation_of_privilege,confidentiality,severe
4694,lidar,elevation_of_privilege,availability,severe
4695,camera,elevation_of_privilege,confidentiality,severe
4696,can_bus,elevation_of_privilege,integrity,severe
4697,gps,elevation_of_privilege,integrity,severe
4698,lidar,elevation_of_privilege,confidentiality,severe
4699,can_bus,elevation_of_privilege,confidentiality,severe
4700,gps,elevation_of_privilege,integrity,severe
4701,gps,elevation_of_privilege,integrity,severe
4702,gps,elevation_of_privilege,integrity,severe
4703,ota_module,elevation_of_privilege,confidentiality,inconsequential
4704,gps,elevation_of_privilege,integrity,severe
4705,ecu,elevation_of_privilege,availability,severe
4706,ecu,elevation_of_privilege,integrity,inconsequential
4707,gps,elevation_of_privilege,availability,severe
4708,lidar,elevation_of_privilege,availability,severe
4709,can_bus,elevation_of_privilege,integrity,severe
4710,gps,elevation_of_privilege,integrity,severe
4711,ota_module,elevation_of_privilege,integrity,severe
4712,ecu,elevation_of_privilege,integrity,severe
4713,gps,elevation_of_privilege,integrity,severe
4714,gps,elevation_of_privilege,integrity,severe
4715,v2x_module,elevation_of_privilege,integrity,severe
4716,can_bus,elevation_of_privilege,availability,severe
4717,lidar,elevation_of_privilege,availability,severe
4718,camera,elevation_of_privilege,integrity,severe
4719,ecu,elevation_of_privilege,confidentiality,severe
4720,lidar,elevation_of_privilege,integrity,severe
4721,can_bus,elevation_of_privilege,availability,severe
4722,camera,elevation_of_privilege,confidentiality,severe
4723,ota_module,elevation_of_privilege,integrity,severe
4724,ota_module,elevation_of_privilege,availability,severe
4725,v2x_module,elevation_of_privilege,integrity,severe
4726,v2x_module,elevation_of_privilege,integrity,severe
4727,tire_pressure,elevation_of_privilege,integrity,severe
4728,ota_module,elevation_of_privilege,integrity,moderate
4729,can_bus,elevation_of_privilege,confidentiality,severe
4730,camera,elevation_of_privilege,availability,severe
4731,ota_module,elevation_of_privilege,integrity,severe
4732,tire_pressure,elevation_of_privilege,availability,moderate
4733,tire_pressure,elevation_of_privilege,integrity,severe
4734,camera,elevation_of_privilege,availability,severe
4735,can_bus,elevation_of_privilege,integrity,severe
4736,lidar,elevation_of_privilege,integrity,severe
4737,v2x_module,elevation_of_privilege,integrity,severe
4738,can_bus,elevation_of_privilege,integrity,severe
4739,gps,elevation_of_privilege,integrity,severe
4740,v2x_module,elevation_of_privilege,integrity,moderate
4741,tire_pressure,elevation_of_privilege,integrity,severe
4742,camera,elevation_of_privilege,integrity,severe
4743,lidar,elevation_of_privilege,integrity,severe
4744,ota_module,elevation_of_privilege,confidentiality,severe
4745,ota_module,elevation_of_privilege,integrity,severe
4746,gps,elevation_of_privilege,confidentiality,severe
4747,v2x_module,elevation_of_privilege,confidentiality,severe
4748,tire_pressure,elevation_of_privilege,integrity,severe
4749,gps,elevation_of_privilege,integrity,severe
4750,ecu,elevation_of_privilege,integrity,severe
4751,lidar,elevation_of_privilege,availability,severe
4752,lidar,elevation_of_privilege,availability,severe
4753,camera,elevation_of_privilege,integrity,severe
4754,camera,elevation_of_privilege,confidentiality,severe
4755,gps,elevation_of_privilege,confidentiality,inconsequential
4756,ota_module,elevation_of_privilege,integrity,severe
4757,v2x_module,elevation_of_privilege,confidentiality,severe
4758,lidar,elevation_of_privilege,integrity,severe
4759,v2x_module,elevation_of_privilege,availability,major
4760,ecu,elevation_of_privilege,integrity,severe
4761,tire_pressure,elevation_of_privilege,integrity,severe
4762,lidar,elevation_of_privilege,confidentiality,severe
4763,lidar,elevation_of_privilege,integrity,severe
4764,can_bus,elevation_of_privilege,integrity,inconsequential
4765,ecu,elevation_of_privilege,availability,severe
4766,ecu,elevation_of_privilege,integrity,severe
4767,tire_pressure,elevation_of_privilege,confidentiality,severe
4768,gps,elevation_of_privilege,confidentiality,major
4769,lidar,elevation_of_privilege,integrity,severe
4770,can_bus,elevation_of_privilege,availability,severe
4771,tire_pressure,elevation_of_privilege,confidentiality,moderate
4772,ota_module,elevation_of_privilege,integrity,severe
4773,tire_pressure,elevation_of_privilege,integrity,severe
4774,gps,elevation_of_privilege,confidentiality,severe
4775,can_bus,elevation_of_privilege,integrity,severe
4776,camera,elevation_of_privilege,confidentiality,severe
4777,ota_module,elevation_of_privilege,integrity,moderate
4778,tire_pressure,elevation_of_privilege,availability,severe
4779,can_bus,elevation_of_privilege,availability,severe
4780,ecu,elevation_of_privilege,integrity,severe
4781,camera,elevation_of_privilege,integrity,severe
4782,camera,elevation_of_privilege,integrity,severe
4783,ecu,elevation_of_privilege,integrity,moderate
4784,ecu,elevation_of_privilege,integrity,severe
4785,v2x_module,elevation_of_privilege,availability,severe
4786,can_bus,elevation_of_privilege,integrity,severe
4787,ota_module,elevation_of_privilege,integrity,severe
4788,ecu,elevation_of_privilege,confidentiality,severe
4789,can_bus,elevation_of_privilege,availability,severe
4790,ota_module,elevation_of_privilege,confidentiality,severe
4791,lidar,elevation_of_privilege,integrity,severe
4792,ota_module,elevation_of_privilege,confidentiality,severe
4793,ecu,elevation_of_privilege,confidentiality,severe
4794,gps,elevation_of_privilege,confidentiality,severe
4795,ota_module,elevation_of_privilege,integrity,severe
4796,lidar,elevation_of_privilege,integrity,severe
4797,ota_module,elevation_of_privilege,confidentiality,moderate
4798,lidar,elevation_of_privilege,confidentiality,severe
4799,tire_pressure,elevation_of_privilege,availability,severe
4800,camera,elevation_of_privilege,availability,severe
4801,ota_module,elevation_of_privilege,integrity,severe
4802,tire_pressure,elevation_of_privilege,confidentiality,severe
4803,ecu,elevation_of_privilege,availability,severe
4804,camera,elevation_of_privilege,integrity,severe
4805,ota_module,elevation_of_privilege,integrity,severe
4806,camera,elevation_of_privilege,integrity,severe
4807,can_bus,elevation_of_privilege,confidentiality,major
4808,ota_module,elevation_of_privilege,confidentiality,severe
4809,lidar,elevation_of_privilege,integrity,inconsequential
4810,gps,elevation_of_privilege,integrity,severe
4811,ecu,elevation_of_privilege,integrity,severe
4812,ota_module,elevation_of_privilege,availability,severe
4813,tire_pressure,elevation_of_privilege,confidentiality,severe
4814,camera,elevation_of_privilege,integrity,severe
4815,tire_pressure,elevation_of_privilege,integrity,severe
4816,can_bus,elevation_of_privilege,integrity,severe
4817,v2x_module,elevation_of_privilege,confidentiality,severe
4818,can_bus,elevation_of_privilege,integrity,severe
4819,v2x_module,elevation_of_privilege,confidentiality,severe
4820,can_bus,elevation_of_privilege,integrity,severe
4821,can_bus,elevation_of_privilege,integrity,severe
4822,camera,elevation_of_privilege,confidentiality,major
4823,ota_module,elevation_of_privilege,integrity,severe
4824,ecu,elevation_of_privilege,integrity,severe
4825,ecu,elevation_of_privilege,availability,severe
4826,ecu,elevation_of_privilege,integrity,severe
4827,v2x_module,elevation_of_privilege,integrity,severe
4828,camera,elevation_of_privilege,availability,severe
4829,can_bus,elevation_of_privilege,integrity,severe
4830,gps,elevation_of_privilege,integrity,severe
4831,camera,elevation_of_privilege,confidentiality,severe
4832,v2x_module,elevation_of_privilege,confidentiality,severe
4833,gps,elevation_of_privilege,integrity,major
4834,camera,elevation_of_privilege,integrity,severe
4835,tire_pressure,elevation_of_privilege,integrity,severe
4836,camera,elevation_of_privilege,integrity,severe
4837,ecu,elevation_of_privilege,integrity,severe
4838,lidar,elevation_of_privilege,integrity,severe
4839,ota_module,elevation_of_privilege,integrity,severe
4840,tire_pressure,elevation_of_privilege,confidentiality,severe
4841,ota_module,elevation_of_privilege,confidentiality,severe
4842,camera,elevation_of_privilege,availability,severe
4843,gps,elevation_of_privilege,integrity,severe
4844,ota_module,elevation_of_privilege,confidentiality,severe
4845,ecu,elevation_of_privilege,integrity,severe
4846,can_bus,elevation_of_privilege,availability,severe
4847,ota_module,elevation_of_privilege,confidentiality,major
4848,lidar,elevation_of_privilege,integrity,major
4849,tire_pressure,elevation_of_privilege,integrity,severe
4850,ecu,elevation_of_privilege,confidentiality,severe
4851,camera,elevation_of_privilege,availability,severe
4852,v2x_module,elevation_of_privilege,integrity,severe
4853,ecu,elevation_of_privilege,integrity,severe
4854,can_bus,elevation_of_privilege,integrity,severe
4855,ecu,elevation_of_privilege,integrity,major
4856,ecu,elevation_of_privilege,integrity,severe
4857,can_bus,elevation_of_privilege,confidentiality,severe
4858,gps,elevation_of_privilege,confidentiality,severe
4859,can_bus,elevation_of_privilege,integrity,severe
4860,v2x_module,elevation_of_privilege,confidentiality,severe
4861,lidar,elevation_of_privilege,integrity,severe
4862,lidar,elevation_of_privilege,integrity,major
4863,ota_module,elevation_of_privilege,integrity,moderate
4864,can_bus,elevation_of_privilege,integrity,severe
4865,ota_module,elevation_of_privilege,confidentiality,severe
4866,tire_pressure,elevation_of_privilege,integrity,severe
4867,gps,elevation_of_privilege,availability,severe
4868,can_bus,elevation_of_privilege,confidentiality,major
4869,camera,elevation_of_privilege,integrity,severe
4870,tire_pressure,elevation_of_privilege,integrity,severe
4871,gps,elevation_of_privilege,availability,severe
4872,camera,elevation_of_privilege,integrity,severe
4873,lidar,elevation_of_privilege,integrity,severe
4874,ota_module,elevation_of_privilege,integrity,moderate
4875,camera,elevation_of_privilege,integrity,severe
4876,ota_module,elevation_of_privilege,integrity,severe
4877,ecu,elevation_of_privilege,availability,inconsequential
4878,ota_module,elevation_of_privilege,availability,severe
4879,ecu,elevation_of_privilege,integrity,severe
4880,ecu,elevation_of_privilege,confidentiality,severe
4881,v2x_module,elevation_of_privilege,availability,severe
4882,tire_pressure,elevation_of_privilege,confidentiality,severe
4883,v2x_module,elevation_of_privilege,availability,severe
4884,gps,elevation_of_privilege,integrity,severe
4885,lidar,elevation_of_privilege,integrity,severe
4886,camera,elevation_of_privilege,integrity,severe
4887,lidar,elevation_of_privilege,integrity,severe
4888,tire_pressure,elevation_of_privilege,integrity,severe
4889,ota_module,elevation_of_privilege,confidentiality,severe
4890,gps,elevation_of_privilege,integrity,inconsequential
4891,camera,elevation_of_privilege,confidentiality,severe
4892,lidar,elevation_of_privilege,confidentiality,severe
4893,can_bus,elevation_of_privilege,confidentiality,severe
4894,can_bus,elevation_of_privilege,integrity,severe
4895,ota_module,elevation_of_privilege,confidentiality,severe
4896,lidar,elevation_of_privilege,integrity,severe
4897,tire_pressure,elevation_of_privilege,integrity,severe
4898,gps,elevation_of_privilege,confidentiality,major
4899,gps,elevation_of_privilege,integrity,inconsequential
4900,lidar,elevation_of_privilege,integrity,severe
4901,camera,elevation_of_privilege,availability,severe
4902,lidar,elevation_of_privilege,integrity,severe
4903,tire_pressure,elevation_of_privilege,integrity,severe
4904,camera,elevation_of_privilege,integrity,major
4905,gps,elevation_of_privilege,availability,severe
4906,lidar,elevation_of_privilege,confidentiality,severe
4907,camera,elevation_of_privilege,integrity,severe
4908,can_bus,elevation_of_privilege,integrity,severe
4909,camera,elevation_of_privilege,confidentiality,severe
4910,gps,elevation_of_privilege,integrity,severe
4911,gps,elevation_of_privilege,integrity,severe
4912,ota_module,elevation_of_privilege,availability,severe
4913,lidar,elevation_of_privilege,integrity,major
4914,ecu,elevation_of_privilege,integrity,severe
4915,lidar,elevation_of_privilege,confidentiality,severe
4916,v2x_module,elevation_of_privilege,integrity,severe
4917,gps,elevation_of_privilege,integrity,severe
4918,can_bus,elevation_of_privilege,availability,inconsequential
4919,v2x_module,elevation_of_privilege,integrity,severe
4920,gps,elevation_of_privilege,integrity,severe
4921,lidar,elevation_of_privilege,availability,severe
4922,v2x_module,elevation_of_privilege,integrity,severe
4923,can_bus,elevation_of_privilege,integrity,severe
4924,ecu,elevation_of_privilege,integrity,severe
4925,v2x_module,elevation_of_privilege,integrity,severe
4926,ecu,elevation_of_privilege,integrity,severe
4927,ecu,elevation_of_privilege,integrity,severe
4928,ecu,elevation_of_privilege,integrity,severe
4929,can_bus,elevation_of_privilege,confidentiality,severe
4930,can_bus,elevation_of_privilege,confidentiality,severe
4931,ota_module,elevation_of_privilege,availability,severe
4932,ota_module,elevation_of_privilege,availability,severe
4933,camera,elevation_of_privilege,integrity,severe
4934,can_bus,elevation_of_privilege,integrity,severe
4935,tire_pressure,elevation_of_privilege,confidentiality,severe
4936,v2x_module,elevation_of_privilege,integrity,severe
4937,can_bus,elevation_of_privilege,confidentiality,severe
4938,gps,elevation_of_privilege,integrity,severe
4939,v2x_module,elevation_of_privilege,confidentiality,severe
4940,tire_pressure,elevation_of_privilege,integrity,severe
4941,can_bus,elevation_of_privilege,integrity,severe
4942,can_bus,elevation_of_privilege,integrity,severe
4943,can_bus,elevation_of_privilege,availability,severe
4944,v2x_module,elevation_of_privilege,availability,severe
4945,ecu,elevation_of_privilege,confidentiality,severe
4946,v2x_module,elevation_of_privilege,integrity,severe
4947,tire_pressure,elevation_of_privilege,integrity,severe
4948,gps,elevation_of_privilege,availability,severe
4949,gps,elevation_of_privilege,confidentiality,severe
4950,can_bus,elevation_of_privilege,integrity,severe
4951,lidar,elevation_of_privilege,integrity,severe
4952,ecu,elevation_of_privilege,availability,severe
4953,ota_module,elevation_of_privilege,availability,severe
4954,ota_module,elevation_of_privilege,confidentiality,severe
4955,tire_pressure,elevation_of_privilege,integrity,severe
4956,gps,elevation_of_privilege,integrity,severe
4957,camera,elevation_of_privilege,integrity,moderate
4958,ecu,elevation_of_privilege,integrity,severe
4959,ota_module,elevation_of_privilege,integrity,severe
4960,tire_pressure,elevation_of_privilege,integrity,severe
4961,gps,elevation_of_privilege,integrity,severe
4962,tire_pressure,elevation_of_privilege,integrity,inconsequential
4963,v2x_module,elevation_of_privilege,integrity,moderate
4964,can_bus,elevation_of_privilege,integrity,severe
4965,lidar,elevation_of_privilege,integrity,inconsequential
4966,can_bus,elevation_of_privilege,integrity,severe
4967,lidar,elevation_of_privilege,confidentiality,severe
4968,ecu,elevation_of_privilege,integrity,inconsequential
4969,can_bus,elevation_of_privilege,integrity,severe
4970,tire_pressure,elevation_of_privilege,integrity,severe
4971,camera,elevation_of_privilege,availability,severe
4972,can_bus,elevation_of_privilege,availability,severe
4973,ecu,elevation_of_privilege,availability,moderate
4974,gps,elevation_of_privilege,integrity,severe
4975,camera,elevation_of_privilege,integrity,severe
4976,gps,elevation_of_privilege,integrity,severe
4977,v2x_module,elevation_of_privilege,confidentiality,severe
4978,ecu,elevation_of_privilege,integrity,severe
4979,camera,elevation_of_privilege,availability,severe
4980,tire_pressure,elevation_of_privilege,integrity,severe
4981,can_bus,elevation_of_privilege,integrity,severe
4982,camera,elevation_of_privilege,availability,severe
4983,lidar,elevation_of_privilege,confidentiality,severe
4984,tire_pressure,elevation_of_privilege,integrity,severe
4985,v2x_module,elevation_of_privilege,integrity,severe
4986,ota_module,elevation_of_privilege,confidentiality,severe
4987,tire_pressure,elevation_of_privilege,integrity,severe
4988,gps,elevation_of_privilege,integrity,severe
4989,gps,elevation_of_privilege,integrity,severe
4990,ecu,elevation_of_privilege,availability,severe
4991,tire_pressure,elevation_of_privilege,confidentiality,severe
4992,camera,elevation_of_privilege,integrity,severe
4993,lidar,elevation_of_privilege,availability,severe
4994,ota_module,elevation_of_privilege,availability,severe
4995,camera,elevation_of_privilege,integrity,severe
4996,ota_module,elevation_of_privilege,confidentiality,severe
4997,can_bus,elevation_of_privilege,integrity,severe
4998,ota_module,elevation_of_privilege,availability,severe
4999,v2x_module,elevation_of_privilege,confidentiality,severe
5000,camera,elevation_of_privilege,integrity,severe
5001,ota_module,elevation_of_privilege,integrity,severe
5002,lidar,elevation_of_privilege,integrity,severe
5003,v2x_module,elevation_of_privilege,integrity,moderate
5004,v2x_module,elevation_of_privilege,availability,severe
5005,ota_module,elevation_of_privilege,integrity,severe
5006,ecu,elevation_of_privilege,integrity,severe
5007,can_bus,elevation_of_privilege,integrity,severe
5008,tire_pressure,elevation_of_privilege,integrity,severe
5009,ota_module,elevation_of_privilege,availability,severe
5010,ecu,elevation_of_privilege,confidentiality,severe
5011,can_bus,elevation_of_privilege,integrity,severe
5012,ecu,elevation_of_privilege,availability,severe
5013,camera,elevation_of_privilege,confidentiality,severe
5014,gps,elevation_of_privilege,confidentiality,severe
5015,tire_pressure,elevation_of_privilege,integrity,severe
5016,lidar,elevation_of_privilege,integrity,severe
5017,v2x_module,elevation_of_privilege,integrity,severe
5018,lidar,elevation_of_privilege,integrity,severe
5019,gps,elevation_of_privilege,integrity,major
5020,ecu,elevation_of_privilege,availability,major
5021,tire_pressure,elevation_of_privilege,confidentiality,severe
5022,v2x_module,elevation_of_privilege,confidentiality,severe
5023,lidar,elevation_of_privilege,confidentiality,severe
5024,can_bus,elevation_of_privilege,availability,moderate
5025,can_bus,elevation_of_privilege,integrity,severe
5026,gps,elevation_of_privilege,confidentiality,severe
5027,tire_pressure,elevation_of_privilege,availability,severe
5028,gps,elevation_of_privilege,confidentiality,severe
5029,can_bus,elevation_of_privilege,integrity,severe
5030,gps,elevation_of_privilege,integrity,severe
5031,tire_pressure,elevation_of_privilege,confidentiality,severe
5032,lidar,elevation_of_privilege,integrity,severe
5033,camera,elevation_of_privilege,integrity,severe
5034,camera,elevation_of_privilege,integrity,major
5035,gps,elevation_of_privilege,integrity,severe
5036,ota_module,elevation_of_privilege,integrity,severe
5037,tire_pressure,elevation_of_privilege,availability,severe
5038,ecu,elevation_of_privilege,confidentiality,severe
5039,gps,elevation_of_privilege,integrity,severe
5040,ecu,elevation_of_privilege,confidentiality,severe
5041,v2x_module,elevation_of_privilege,confidentiality,severe
5042,ecu,elevation_of_privilege,availability,severe
5043,tire_pressure,elevation_of_privilege,integrity,severe
5044,ota_module,elevation_of_privilege,integrity,severe
5045,can_bus,elevation_of_privilege,integrity,severe
5046,lidar,elevation_of_privilege,confidentiality,moderate
5047,can_bus,elevation_of_privilege,integrity,major
5048,tire_pressure,elevation_of_privilege,integrity,severe
5049,ecu,elevation_of_privilege,integrity,severe
5050,can_bus,elevation_of_privilege,integrity,severe
5051,gps,elevation_of_privilege,confidentiality,major
5052,can_bus,elevation_of_privilege,confidentiality,major
5053,gps,elevation_of_privilege,integrity,severe
5054,tire_pressure,elevation_of_privilege,integrity,severe
5055,ota_module,elevation_of_privilege,confidentiality,severe
5056,v2x_module,elevation_of_privilege,confidentiality,severe
5057,gps,elevation_of_privilege,availability,severe
5058,lidar,elevation_of_privilege,integrity,severe
5059,camera,elevation_of_privilege,integrity,severe
5060,tire_pressure,elevation_of_privilege,availability,severe
5061,camera,elevation_of_privilege,confidentiality,severe
5062,tire_pressure,elevation_of_privilege,integrity,severe
5063,lidar,elevation_of_privilege,integrity,severe
5064,camera,elevation_of_privilege,integrity,severe
5065,ota_module,elevation_of_privilege,confidentiality,severe
5066,tire_pressure,elevation_of_privilege,confidentiality,severe
5067,ecu,elevation_of_privilege,confidentiality,severe
5068,lidar,elevation_of_privilege,confidentiality,severe
5069,lidar,elevation_of_privilege,availability,severe
5070,v2x_module,elevation_of_privilege,integrity,severe
5071,v2x_module,elevation_of_privilege,integrity,severe
5072,lidar,elevation_of_privilege,integrity,severe
5073,camera,elevation_of_privilege,confidentiality,severe
5074,ecu,elevation_of_privilege,integrity,severe
5075,gps,elevation_of_privilege,integrity,major
5076,camera,elevation_of_privilege,integrity,severe
5077,tire_pressure,elevation_of_privilege,integrity,severe
5078,ota_module,elevation_of_privilege,confidentiality,severe
5079,gps,elevation_of_privilege,confidentiality,severe
5080,ota_module,elevation_of_privilege,integrity,severe
5081,can_bus,elevation_of_privilege,availability,severe
5082,v2x_module,elevation_of_privilege,integrity,major
5083,ota_module,elevation_of_privilege,availability,severe
5084,v2x_module,elevation_of_privilege,integrity,moderate
5085,tire_pressure,elevation_of_privilege,availability,severe
5086,camera,elevation_of_privilege,integrity,severe
5087,camera,elevation_of_privilege,integrity,major
5088,camera,elevation_of_privilege,integrity,severe
5089,ota_module,elevation_of_privilege,integrity,major
5090,tire_pressure,elevation_of_privilege,confidentiality,severe
5091,gps,elevation_of_privilege,availability,severe
5092,can_bus,elevation_of_privilege,confidentiality,severe
5093,ota_module,elevation_of_privilege,integrity,severe
5094,camera,elevation_of_privilege,integrity,severe
5095,camera,elevation_of_privilege,confidentiality,severe
5096,tire_pressure,elevation_of_privilege,integrity,severe
5097,v2x_module,elevation_of_privilege,availability,severe
5098,gps,elevation_of_privilege,integrity,severe
5099,lidar,elevation_of_privilege,confidentiality,severe
5100,tire_pressure,elevation_of_privilege,availability,severe
5101,camera,elevation_of_privilege,availability,severe
5102,gps,elevation_of_privilege,confidentiality,severe
5103,can_bus,elevation_of_privilege,integrity,severe
5104,tire_pressure,elevation_of_privilege,integrity,severe
5105,ecu,elevation_of_privilege,integrity,severe
5106,tire_pressure,elevation_of_privilege,integrity,severe
5107,can_bus,elevation_of_privilege,integrity,severe
5108,ecu,elevation_of_privilege,availability,severe
5109,camera,elevation_of_privilege,integrity,severe
5110,gps,elevation_of_privilege,availability,severe
5111,gps,elevation_of_privilege,integrity,severe
5112,ecu,elevation_of_privilege,availability,severe
5113,gps,elevation_of_privilege,confidentiality,severe
5114,v2x_module,elevation_of_privilege,integrity,severe
5115,can_bus,elevation_of_privilege,availability,severe
5116,ota_module,elevation_of_privilege,confidentiality,severe
5117,tire_pressure,elevation_of_privilege,integrity,severe
5118,gps,elevation_of_privilege,integrity,severe
5119,camera,elevation_of_privilege,integrity,severe
5120,can_bus,elevation_of_privilege,integrity,severe
5121,gps,elevation_of_privilege,integrity,severe
5122,camera,elevation_of_privilege,integrity,severe
5123,tire_pressure,elevation_of_privilege,integrity,major
5124,gps,elevation_of_privilege,integrity,severe
5125,ota_module,elevation_of_privilege,integrity,severe
5126,tire_pressure,elevation_of_privilege,availability,severe
5127,tire_pressure,elevation_of_privilege,integrity,severe
5128,camera,elevation_of_privilege,integrity,severe
5129,ecu,elevation_of_privilege,confidentiality,severe
5130,ota_module,elevation_of_privilege,integrity,severe
5131,gps,elevation_of_privilege,integrity,severe
5132,ota_module,elevation_of_privilege,integrity,severe
5133,can_bus,elevation_of_privilege,integrity,severe
5134,tire_pressure,elevation_of_privilege,confidentiality,severe
5135,gps,elevation_of_privilege,confidentiality,severe
5136,gps,elevation_of_privilege,confidentiality,severe
5137,can_bus,elevation_of_privilege,integrity,moderate
5138,gps,elevation_of_privilege,availability,major
5139,v2x_module,elevation_of_privilege,integrity,severe
5140,ota_module,elevation_of_privilege,confidentiality,severe
5141,lidar,elevation_of_privilege,availability,severe
5142,can_bus,elevation_of_privilege,availability,severe
5143,lidar,elevation_of_privilege,confidentiality,severe
5144,lidar,elevation_of_privilege,integrity,severe
5145,lidar,elevation_of_privilege,availability,severe
5146,gps,elevation_of_privilege,integrity,severe
5147,ota_module,elevation_of_privilege,integrity,major
5148,v2x_module,elevation_of_privilege,integrity,severe
5149,ota_module,elevation_of_privilege,availability,severe
5150,ecu,elevation_of_privilege,integrity,severe
5151,camera,elevation_of_privilege,integrity,severe
5152,lidar,elevation_of_privilege,confidentiality,inconsequential
5153,v2x_module,elevation_of_privilege,integrity,severe
5154,ota_module,elevation_of_privilege,integrity,severe
5155,ecu,elevation_of_privilege,integrity,severe
5156,ota_module,elevation_of_privilege,availability,severe
5157,gps,elevation_of_privilege,integrity,severe
5158,tire_pressure,elevation_of_privilege,integrity,severe
5159,gps,elevation_of_privilege,integrity,severe
5160,v2x_module,elevation_of_privilege,availability,severe
5161,v2x_module,elevation_of_privilege,integrity,severe
5162,lidar,elevation_of_privilege,confidentiality,severe
5163,v2x_module,elevation_of_privilege,integrity,severe
5164,can_bus,elevation_of_privilege,integrity,inconsequential
5165,ecu,elevation_of_privilege,integrity,severe
5166,camera,elevation_of_privilege,integrity,severe
5167,ota_module,elevation_of_privilege,integrity,severe
5168,camera,elevation_of_privilege,integrity,severe
5169,v2x_module,elevation_of_privilege,confidentiality,severe
5170,camera,elevation_of_privilege,integrity,severe
5171,gps,elevation_of_privilege,integrity,severe
5172,ecu,elevation_of_privilege,availability,severe
5173,can_bus,elevation_of_privilege,integrity,severe
5174,tire_pressure,elevation_of_privilege,integrity,severe
5175,lidar,elevation_of_privilege,availability,severe
5176,ecu,elevation_of_privilege,confidentiality,severe
5177,gps,elevation_of_privilege,integrity,severe
5178,lidar,elevation_of_privilege,availability,severe
5179,tire_pressure,elevation_of_privilege,integrity,severe
5180,v2x_module,elevation_of_privilege,integrity,severe
5181,ecu,elevation_of_privilege,availability,severe
5182,tire_pressure,elevation_of_privilege,integrity,severe
5183,gps,elevation_of_privilege,integrity,severe
5184,tire_pressure,elevation_of_privilege,integrity,severe
5185,gps,elevation_of_privilege,integrity,severe
5186,gps,elevation_of_privilege,integrity,severe
5187,ota_module,elevation_of_privilege,integrity,severe
5188,v2x_module,elevation_of_privilege,integrity,severe
5189,tire_pressure,elevation_of_privilege,integrity,severe
5190,can_bus,elevation_of_privilege,integrity,severe
5191,gps,elevation_of_privilege,integrity,severe
5192,can_bus,elevation_of_privilege,integrity,severe
5193,ecu,elevation_of_privilege,integrity,inconsequential
5194,gps,elevation_of_privilege,integrity,major
5195,camera,elevation_of_privilege,integrity,severe
5196,can_bus,elevation_of_privilege,confidentiality,severe
5197,ecu,elevation_of_privilege,confidentiality,severe
5198,tire_pressure,elevation_of_privilege,availability,severe
5199,tire_pressure,elevation_of_privilege,integrity,severe
5200,tire_pressure,elevation_of_privilege,integrity,severe
5201,lidar,elevation_of_privilege,integrity,moderate
5202,lidar,elevation_of_privilege,availability,severe
5203,gps,elevation_of_privilege,confidentiality,severe
5204,ota_module,elevation_of_privilege,integrity,severe
5205,can_bus,elevation_of_privilege,integrity,severe
5206,can_bus,elevation_of_privilege,integrity,inconsequential
5207,lidar,elevation_of_privilege,integrity,severe
5208,lidar,elevation_of_privilege,integrity,severe
5209,v2x_module,elevation_of_privilege,integrity,severe
5210,gps,elevation_of_privilege,integrity,moderate
5211,camera,elevation_of_privilege,availability,severe
5212,can_bus,elevation_of_privilege,integrity,severe
5213,lidar,elevation_of_privilege,integrity,severe
5214,ecu,elevation_of_privilege,availability,severe
5215,ecu,elevation_of_privilege,integrity,severe
5216,v2x_module,elevation_of_privilege,integrity,severe
5217,v2x_module,elevation_of_privilege,integrity,severe
5218,ecu,elevation_of_privilege,integrity,moderate
5219,v2x_module,elevation_of_privilege,availability,severe
5220,ota_module,elevation_of_privilege,confidentiality,severe
5221,ecu,elevation_of_privilege,availability,severe
5222,ota_module,elevation_of_privilege,integrity,severe
5223,lidar,elevation_of_privilege,integrity,severe
5224,can_bus,elevation_of_privilege,integrity,severe
5225,ota_module,elevation_of_privilege,integrity,severe
5226,camera,elevation_of_privilege,integrity,severe
5227,tire_pressure,elevation_of_privilege,integrity,severe
5228,gps,elevation_of_privilege,integrity,severe
5229,can_bus,elevation_of_privilege,confidentiality,severe
5230,ecu,elevation_of_privilege,integrity,moderate
5231,ecu,elevation_of_privilege,availability,severe
5232,ota_module,elevation_of_privilege,confidentiality,severe
5233,can_bus,elevation_of_privilege,availability,severe
5234,can_bus,elevation_of_privilege,integrity,severe
5235,ota_module,elevation_of_privilege,integrity,severe
5236,camera,elevation_of_privilege,integrity,severe
5237,ecu,elevation_of_privilege,integrity,severe
5238,gps,elevation_of_privilege,integrity,severe
5239,ota_module,elevation_of_privilege,availability,inconsequential
5240,can_bus,elevation_of_privilege,integrity,moderate
5241,ecu,elevation_of_privilege,integrity,severe
5242,gps,elevation_of_privilege,integrity,severe
5243,tire_pressure,elevation_of_privilege,integrity,inconsequential
5244,tire_pressure,elevation_of_privilege,integrity,severe
5245,can_bus,elevation_of_privilege,integrity,severe
5246,v2x_module,elevation_of_privilege,integrity,severe
5247,gps,elevation_of_privilege,integrity,severe
5248,can_bus,elevation_of_privilege,availability,severe
5249,v2x_module,elevation_of_privilege,integrity,severe
5250,gps,elevation_of_privilege,integrity,severe
5251,gps,elevation_of_privilege,integrity,severe
5252,ota_module,elevation_of_privilege,integrity,severe
5253,tire_pressure,elevation_of_privilege,confidentiality,severe
5254,gps,elevation_of_privilege,integrity,severe
5255,ota_module,elevation_of_privilege,confidentiality,severe
5256,ota_module,elevation_of_privilege,availability,severe
5257,can_bus,elevation_of_privilege,integrity,inconsequential
5258,can_bus,elevation_of_privilege,integrity,moderate
5259,camera,elevation_of_privilege,confidentiality,inconsequential
5260,ota_module,elevation_of_privilege,confidentiality,severe
5261,ota_module,elevation_of_privilege,availability,severe
5262,ecu,elevation_of_privilege,availability,moderate
5263,gps,elevation_of_privilege,integrity,severe
5264,gps,elevation_of_privilege,availability,inconsequential
5265,lidar,elevation_of_privilege,integrity,severe
5266,lidar,elevation_of_privilege,confidentiality,severe
5267,tire_pressure,elevation_of_privilege,integrity,severe
5268,v2x_module,elevation_of_privilege,availability,severe
5269,camera,elevation_of_privilege,integrity,major
5270,camera,elevation_of_privilege,integrity,severe
5271,camera,elevation_of_privilege,availability,severe
5272,gps,elevation_of_privilege,integrity,severe
5273,camera,elevation_of_privilege,availability,severe
5274,can_bus,elevation_of_privilege,integrity,severe
5275,lidar,elevation_of_privilege,confidentiality,severe
5276,camera,elevation_of_privilege,integrity,severe
5277,lidar,elevation_of_privilege,integrity,severe
5278,ecu,elevation_of_privilege,integrity,severe
5279,tire_pressure,elevation_of_privilege,availability,severe
5280,tire_pressure,elevation_of_privilege,confidentiality,severe
5281,ota_module,elevation_of_privilege,availability,severe
5282,v2x_module,elevation_of_privilege,availability,severe
5283,can_bus,elevation_of_privilege,integrity,severe
5284,can_bus,elevation_of_privilege,integrity,severe
5285,ecu,elevation_of_privilege,confidentiality,severe
5286,ota_module,elevation_of_privilege,availability,severe
5287,v2x_module,elevation_of_privilege,availability,severe
5288,ecu,elevation_of_privilege,integrity,major
5289,can_bus,elevation_of_privilege,integrity,severe
5290,ecu,elevation_of_privilege,integrity,severe
5291,lidar,elevation_of_privilege,availability,severe
5292,v2x_module,elevation_of_privilege,confidentiality,severe
5293,tire_pressure,elevation_of_privilege,confidentiality,severe
5294,camera,elevation_of_privilege,integrity,severe
5295,camera,elevation_of_privilege,availability,severe
5296,ecu,elevation_of_privilege,confidentiality,severe
5297,camera,elevation_of_privilege,availability,severe
5298,lidar,elevation_of_privilege,integrity,severe
5299,gps,elevation_of_privilege,integrity,severe
5300,ecu,elevation_of_privilege,integrity,severe
5301,camera,elevation_of_privilege,integrity,severe
5302,ecu,elevation_of_privilege,integrity,severe
5303,v2x_module,elevation_of_privilege,confidentiality,severe
5304,lidar,elevation_of_privilege,integrity,severe
5305,ecu,elevation_of_privilege,integrity,severe
5306,ecu,elevation_of_privilege,integrity,inconsequential
5307,v2x_module,elevation_of_privilege,integrity,severe
5308,gps,elevation_of_privilege,availability,severe
5309,v2x_module,elevation_of_privilege,integrity,severe
5310,lidar,elevation_of_privilege,integrity,severe
5311,lidar,elevation_of_privilege,confidentiality,severe
5312,ota_module,elevation_of_privilege,availability,severe
5313,camera,elevation_of_privilege,confidentiality,severe
5314,lidar,elevation_of_privilege,integrity,severe
5315,v2x_module,elevation_of_privilege,integrity,severe
5316,gps,elevation_of_privilege,integrity,severe
5317,can_bus,elevation_of_privilege,confidentiality,severe
5318,ota_module,elevation_of_privilege,availability,severe
5319,v2x_module,elevation_of_privilege,integrity,severe
5320,ecu,elevation_of_privilege,confidentiality,severe
5321,camera,elevation_of_privilege,integrity,severe
5322,can_bus,elevation_of_privilege,integrity,severe
5323,gps,elevation_of_privilege,availability,severe
5324,gps,elevation_of_privilege,integrity,severe
5325,ecu,elevation_of_privilege,integrity,severe
5326,tire_pressure,elevation_of_privilege,integrity,severe
5327,ecu,elevation_of_privilege,integrity,moderate
5328,ecu,elevation_of_privilege,confidentiality,severe
5329,v2x_module,elevation_of_privilege,integrity,moderate
5330,camera,elevation_of_privilege,availability,severe
5331,v2x_module,elevation_of_privilege,availability,severe
5332,ota_module,elevation_of_privilege,confidentiality,severe
5333,tire_pressure,elevation_of_privilege,integrity,major
5334,can_bus,elevation_of_privilege,integrity,moderate
5335,ecu,elevation_of_privilege,integrity,severe
5336,lidar,elevation_of_privilege,confidentiality,severe
5337,lidar,elevation_of_privilege,confidentiality,severe
5338,v2x_module,elevation_of_privilege,integrity,severe
5339,tire_pressure,elevation_of_privilege,confidentiality,severe
5340,ota_module,elevation_of_privilege,confidentiality,severe
5341,can_bus,elevation_of_privilege,confidentiality,severe
5342,can_bus,elevation_of_privilege,integrity,severe
5343,ota_module,elevation_of_privilege,availability,severe
5344,lidar,elevation_of_privilege,availability,severe
5345,ecu,elevation_of_privilege,confidentiality,severe
5346,camera,elevation_of_privilege,confidentiality,major
5347,gps,elevation_of_privilege,integrity,severe
5348,ota_module,elevation_of_privilege,integrity,inconsequential
5349,ota_module,elevation_of_privilege,availability,severe
5350,tire_pressure,elevation_of_privilege,availability,severe
5351,camera,elevation_of_privilege,integrity,severe
5352,can_bus,elevation_of_privilege,confidentiality,severe
5353,lidar,elevation_of_privilege,confidentiality,severe
5354,can_bus,elevation_of_privilege,confidentiality,severe
5355,ota_module,elevation_of_privilege,integrity,severe
5356,can_bus,elevation_of_privilege,confidentiality,severe
5357,ecu,elevation_of_privilege,integrity,severe
5358,ota_module,elevation_of_privilege,integrity,severe
5359,ota_module,elevation_of_privilege,integrity,inconsequential
5360,tire_pressure,elevation_of_privilege,integrity,severe
5361,camera,elevation_of_privilege,integrity,severe
5362,gps,elevation_of_privilege,confidentiality,severe
5363,gps,elevation_of_privilege,integrity,severe
5364,ota_module,elevation_of_privilege,integrity,severe
5365,camera,elevation_of_privilege,integrity,severe
5366,tire_pressure,elevation_of_privilege,availability,severe
5367,gps,elevation_of_privilege,confidentiality,severe
5368,lidar,elevation_of_privilege,integrity,severe
5369,can_bus,elevation_of_privilege,integrity,severe
5370,tire_pressure,elevation_of_privilege,integrity,severe
5371,camera,elevation_of_privilege,confidentiality,severe
5372,tire_pressure,elevation_of_privilege,availability,severe
5373,ecu,elevation_of_privilege,integrity,severe
5374,ecu,elevation_of_privilege,availability,severe
5375,ota_module,elevation_of_privilege,integrity,severe
5376,v2x_module,elevation_of_privilege,integrity,severe
5377,ecu,elevation_of_privilege,integrity,severe
5378,camera,elevation_of_privilege,confidentiality,severe
5379,tire_pressure,elevation_of_privilege,integrity,severe
5380,ota_module,elevation_of_privilege,availability,severe
5381,camera,elevation_of_privilege,confidentiality,severe
5382,lidar,elevation_of_privilege,integrity,severe
5383,ecu,elevation_of_privilege,integrity,severe
5384,camera,elevation_of_privilege,integrity,severe
5385,tire_pressure,elevation_of_privilege,integrity,severe
5386,v2x_module,elevation_of_privilege,confidentiality,severe
5387,ecu,elevation_of_privilege,availability,moderate
5388,lidar,elevation_of_privilege,integrity,severe
5389,gps,elevation_of_privilege,integrity,severe
5390,lidar,elevation_of_privilege,integrity,severe
5391,lidar,elevation_of_privilege,integrity,severe
5392,camera,elevation_of_privilege,confidentiality,severe
5393,tire_pressure,elevation_of_privilege,integrity,severe
5394,tire_pressure,elevation_of_privilege,confidentiality,severe
5395,gps,elevation_of_privilege,integrity,severe
5396,gps,elevation_of_privilege,availability,severe
5397,ecu,elevation_of_privilege,integrity,severe
5398,v2x_module,elevation_of_privilege,integrity,severe
5399,gps,elevation_of_privilege,availability,severe
5400,lidar,elevation_of_privilege,integrity,moderate
